profile_id,window,overlay_id,entry_trade_number_of_day,trades,retained_trades,total_r_original,total_r_overlay,delta_total_r,avg_r_original,avg_r_overlay,PF_R_original,PF_R_overlay,win_rate_original,win_rate_overlay,maxDD_proxy_original,maxDD_proxy_overlay,worst_month_original,worst_month_overlay,worst_quarter_original,worst_quarter_overlay,2025Q1_original,2025Q1_overlay,2022Q4_original,2022Q4_overlay,2023Q3_original,2023Q3_overlay,ambiguous_bar_pct,ambiguous_bar_count,changed_exit_pct,changed_exit_count,weak_period_delta_r,label
pa_gap_mtp2_meta,early_oow,baseline_original,1,682,682,54.0047308112141,54.0047308112141,0.0,0.07918582230383299,0.07918582230383299,1.2027034017659117,1.2027034017659117,0.5175953079178885,0.5175953079178885,-13.092924654855004,-13.092924654855004,-6.715473932749139,-6.715473932749139,-7.951128412168371,-7.951128412168371,,,-7.951128412168371,-7.951128412168371,,,0.0,0,0.0,0,0.0,EXIT_OVERLAY_NO_IMPROVEMENT
pa_gap_mtp2_meta,early_oow,baseline_original,2,136,136,6.948768410023792,6.948768410023792,0.0,0.051093885367822,0.051093885367822,1.1337927027442127,1.1337927027442127,0.47058823529411764,0.47058823529411764,-10.247117189295707,-10.247117189295707,-4.0258597094206445,-4.0258597094206445,-4.073801031937036,-4.073801031937036,,,-0.8453761333855634,-0.8453761333855634,,,0.0,0,0.0,0,0.0,EXIT_OVERLAY_NO_IMPROVEMENT
pa_gap_mtp2_meta,early_oow,fixed_target_replay,1,682,682,54.0047308112141,79.67779283212222,25.67306202090812,0.07918582230383299,0.11682960825824373,1.2027034017659117,1.2538707125299706,0.5175953079178885,0.4941348973607038,-13.092924654855004,-15.289060353073467,-6.715473932749139,-6.566527384037173,-7.951128412168371,-4.3966871599616155,,,-7.951128412168371,-4.079060189155978,,,0.002932551319648094,2,0.0,0,3.872068223012394,EXIT_OVERLAY_PROMISING
pa_gap_mtp2_meta,early_oow,fixed_target_replay,2,136,136,6.948768410023792,4.959028452767837,-1.9897399572559546,0.051093885367822,0.03646344450564586,1.1337927027442127,1.069159553267023,0.47058823529411764,0.4264705882352941,-10.247117189295707,-12.902332680644912,-4.0258597094206445,-4.000000000000053,-4.073801031937036,-5.5000000000001545,,,-0.8453761333855634,-2.7587175158082258,,,0.0,0,0.0,0,-1.9133413824226624,EXIT_OVERLAY_NO_IMPROVEMENT
pa_gap_mtp2_meta,early_oow,max_hold_tighten_30,1,682,682,54.0047308112141,32.18647868066197,-21.818252130552132,0.07918582230383299,0.04719425026490025,1.2027034017659117,1.1803438043209276,0.5175953079178885,0.5410557184750733,-13.092924654855004,-9.877492848599015,-6.715473932749139,-4.6125951154712785,-7.951128412168371,-5.186556793234153,,,-7.951128412168371,-5.186556793234153,,,0.002932551319648094,2,0.7346041055718475,501,2.7645716189342187,EXIT_OVERLAY_PROMISING
pa_gap_mtp2_meta,early_oow,max_hold_tighten_30,2,136,136,6.948768410023792,0.05413962410471029,-6.894628785919082,0.051093885367822,0.00039808547135816393,1.1337927027442127,1.0016211046871526,0.47058823529411764,0.4852941176470588,-10.247117189295707,-9.743879384723243,-4.0258597094206445,-2.7549900328785797,-4.073801031937036,-3.9299029618813153,,,-0.8453761333855634,-0.358342603128585,,,0.0,0,0.8382352941176471,114,0.48703353025697826,EXIT_OVERLAY_NO_IMPROVEMENT
pa_gap_mtp2_meta,early_oow,max_hold_tighten_60,1,682,682,54.0047308112141,43.94067367119861,-10.064057140015493,0.07918582230383299,0.06442914028034986,1.2027034017659117,1.1979702732096047,0.5175953079178885,0.5087976539589443,-13.092924654855004,-10.5549689934072,-6.715473932749139,-5.247840477794393,-7.951128412168371,-6.042120890672927,,,-7.951128412168371,-6.042120890672927,,,0.002932551319648094,2,0.6099706744868035,416,1.909007521495444,EXIT_OVERLAY_PROMISING
pa_gap_mtp2_meta,early_oow,max_hold_tighten_60,2,136,136,6.948768410023792,4.833171397212088,-2.115597012811704,0.051093885367822,0.03553802497950065,1.1337927027442127,1.1159754838319218,0.47058823529411764,0.5,-10.247117189295707,-10.880184534204378,-4.0258597094206445,-3.950138504155191,-4.073801031937036,-4.424279995738662,,,-0.8453761333855634,-0.622790870002519,,,0.0,0,0.7279411764705882,99,0.2225852633830444,EXIT_OVERLAY_NO_IMPROVEMENT
pa_gap_mtp2_meta,early_oow,no_followthrough_exit_3bars,1,682,682,54.0047308112141,28.464657761524485,-25.540073049689617,0.07918582230383299,0.04173703484094499,1.2027034017659117,1.1720635820875698,0.5175953079178885,0.35777126099706746,-13.092924654855004,-12.793359051589194,-6.715473932749139,-4.461010730271202,-7.951128412168371,-2.5932096228056554,,,-7.951128412168371,-2.146680689091218,,,0.001466275659824047,1,0.6070381231671554,414,5.804447723077155,EXIT_OVERLAY_NO_IMPROVEMENT
pa_gap_mtp2_meta,early_oow,no_followthrough_exit_3bars,2,136,136,6.948768410023792,0.9495119142754831,-5.999256495748309,0.051093885367822,0.006981705252025611,1.1337927027442127,1.0268366105162363,0.47058823529411764,0.40441176470588236,-10.247117189295707,-7.288726265442941,-4.0258597094206445,-3.3100547980120294,-4.073801031937036,-3.4160597019043064,,,-0.8453761333855634,0.8131803272702737,,,0.0,0,0.625,85,1.6585564606558372,EXIT_OVERLAY_PROMISING
pa_gap_mtp2_meta,early_oow,no_followthrough_exit_5bars,1,682,682,54.0047308112141,35.231836986837756,-18.772893824376347,0.07918582230383299,0.051659585024688794,1.2027034017659117,1.170568683473127,0.5175953079178885,0.38269794721407624,-13.092924654855004,-20.33978991290045,-6.715473932749139,-5.175494371331698,-7.951128412168371,-6.41694858461884,,,-7.951128412168371,0.6972974441142827,,,0.002932551319648094,2,0.4809384164222874,328,8.648425856282655,EXIT_OVERLAY_NO_IMPROVEMENT
pa_gap_mtp2_meta,early_oow,no_followthrough_exit_5bars,2,136,136,6.948768410023792,9.061883586508284,2.1131151764844915,0.051093885367822,0.06663149695961973,1.1337927027442127,1.2051236776119865,0.47058823529411764,0.38235294117647056,-10.247117189295707,-7.168148298303143,-4.0258597094206445,-2.3138069118511835,-4.073801031937036,-2.7155452382506273,,,-0.8453761333855634,0.39937454913412507,,,0.0,0,0.4632352941176471,63,1.2447506825196886,EXIT_OVERLAY_PROMISING
pa_gap_mtp2_meta,early_oow,runner_after_1R_trail_atr,1,682,682,54.0047308112141,60.69278323086969,6.688052419655591,0.07918582230383299,0.08899235077840131,1.2027034017659117,1.2172064158991405,0.5175953079178885,0.5483870967741935,-13.092924654855004,-13.647310801006832,-6.715473932749139,-8.306982219544874,-7.951128412168371,-7.12010666656856,,,-7.951128412168371,-0.13363090671083255,,,0.0,0,0.3870967741935484,264,7.8174975054575375,EXIT_OVERLAY_NO_IMPROVEMENT
pa_gap_mtp2_meta,early_oow,runner_after_1R_trail_atr,2,136,136,6.948768410023792,3.4603496886450813,-3.488418721378711,0.051093885367822,0.0254437477106256,1.1337927027442127,1.0554031007592077,0.47058823529411764,0.5147058823529411,-10.247117189295707,-12.767632225152258,-4.0258597094206445,-4.000000000000053,-4.073801031937036,-5.85779203421544,,,-0.8453761333855634,0.5021065562463038,,,0.0,0,0.3897058823529412,53,1.3474826896318666,EXIT_OVERLAY_NO_IMPROVEMENT
pa_gap_mtp2_meta,early_oow,runner_after_1R_trail_vwap,1,682,682,54.0047308112141,68.2591821604781,14.254451349264002,0.07918582230383299,0.10008677736140485,1.2027034017659117,1.239433281941152,0.5175953079178885,0.5117302052785924,-13.092924654855004,-17.444954814439747,-6.715473932749139,-9.689450426581612,-7.951128412168371,-6.213407152980165,,,-7.951128412168371,3.5390345877664844,,,0.0,0,0.3680351906158358,251,11.490162999934856,EXIT_OVERLAY_CONTEXT_SPECIFIC
pa_gap_mtp2_meta,early_oow,runner_after_1R_trail_vwap,2,136,136,6.948768410023792,4.656851135127634,-2.291917274896158,0.051093885367822,0.03424155246417378,1.1337927027442127,1.070774652394619,0.47058823529411764,0.45588235294117646,-10.247117189295707,-11.466055534415483,-4.0258597094206445,-4.000000000000053,-4.073801031937036,-4.99328628819539,,,-0.8453761333855634,-1.4351424711251337,,,0.0,0,0.36764705882352944,50,-0.5897663377395704,EXIT_OVERLAY_NO_IMPROVEMENT
pa_gap_mtp2_meta,early_oow,trend_swing_1p5R,1,682,682,54.0047308112141,76.7392918950748,22.734561083860697,0.07918582230383299,0.11252095585788094,1.2027034017659117,1.2445080118307934,0.5175953079178885,0.4941348973607038,-13.092924654855004,-14.86858693114661,-6.715473932749139,-6.3514111049674,-7.951128412168371,-4.646687159961605,,,-7.951128412168371,-4.438034548130388,,,0.002932551319648094,2,0.02346041055718475,16,3.5130938640379847,EXIT_OVERLAY_PROMISING
pa_gap_mtp2_meta,early_oow,trend_swing_1p5R,2,136,136,6.948768410023792,5.8372335809728675,-1.1115348290509246,0.051093885367822,0.04292083515421226,1.1337927027442127,1.0825585460617484,0.47058823529411764,0.4338235294117647,-10.247117189295707,-10.77412755243982,-4.0258597094206445,-4.000000000000053,-4.073801031937036,-5.5000000000001545,,,-0.8453761333855634,-2.7587175158082258,,,0.0,0,0.058823529411764705,8,-1.9133413824226624,EXIT_OVERLAY_NO_IMPROVEMENT
pa_gap_mtp2_meta,early_oow,trend_swing_2R,1,682,682,54.0047308112141,77.71209644379589,23.707365632581784,0.07918582230383299,0.11394735548943678,1.2027034017659117,1.2473655701813708,0.5175953079178885,0.49266862170087977,-13.092924654855004,-15.03906035307348,-6.715473932749139,-6.566527384037173,-7.951128412168371,-4.146687159961626,,,-7.951128412168371,-4.079060189155978,,,0.002932551319648094,2,0.01906158357771261,13,3.872068223012394,EXIT_OVERLAY_PROMISING
pa_gap_mtp2_meta,early_oow,trend_swing_2R,2,136,136,6.948768410023792,6.45902845276774,-0.48973995725605235,0.051093885367822,0.047492856270351026,1.1337927027442127,1.0900788383424347,0.47058823529411764,0.4264705882352941,-10.247117189295707,-12.652332680644937,-4.0258597094206445,-4.000000000000053,-4.073801031937036,-5.5000000000001545,,,-0.8453761333855634,-2.7587175158082258,,,0.0,0,0.04411764705882353,6,-1.9133413824226624,EXIT_OVERLAY_NO_IMPROVEMENT
pa_gap_mtp2_meta,full_available,baseline_original,1,1435,1435,117.40405934587943,117.40405934587943,0.0,0.08181467550235501,0.08181467550235501,1.2050984271390854,1.2050984271390854,0.5170731707317073,0.5170731707317073,-22.343987097216072,-22.343987097216072,-8.53075850275083,-8.53075850275083,-7.951128412168371,-7.951128412168371,-6.901584691085398,-6.901584691085398,-7.951128412168371,-7.951128412168371,0.05520919897725607,0.05520919897725607,0.0,0,0.0,0,0.0,EXIT_OVERLAY_NO_IMPROVEMENT
pa_gap_mtp2_meta,full_available,baseline_original,2,312,312,14.588144682117287,14.588144682117287,0.0,0.04675687398114515,0.04675687398114515,1.12397646510063,1.12397646510063,0.46474358974358976,0.46474358974358976,-10.247117189295707,-10.247117189295707,-4.0258597094206445,-4.0258597094206445,-4.701098618554177,-4.701098618554177,-1.2114208595935636,-1.2114208595935636,-0.8453761333855634,-0.8453761333855634,-2.697122984488282,-2.697122984488282,0.0,0,0.0,0,0.0,EXIT_OVERLAY_NO_IMPROVEMENT
pa_gap_mtp2_meta,full_available,fixed_target_replay,1,1435,1435,117.40405934587943,155.69135535256447,38.28729600668504,0.08181467550235501,0.10849571801572437,1.2050984271390854,1.2334483956310902,0.5170731707317073,0.48989547038327524,-22.343987097216072,-19.320884223993914,-8.53075850275083,-10.410995049462418,-7.951128412168371,-8.384524737209398,-6.901584691085398,-6.100950451375479,-7.951128412168371,-4.079060189155978,0.05520919897725607,-0.9683355044858308,0.0013937282229965157,2,0.0,0,3.6491577592592286,EXIT_OVERLAY_PROMISING
pa_gap_mtp2_meta,full_available,fixed_target_replay,2,312,312,14.588144682117287,9.718319876967684,-4.869824805149603,0.04675687398114515,0.03114846114412719,1.12397646510063,1.0625954881267339,0.46474358974358976,0.4391025641025641,-10.247117189295707,-16.737476455827405,-4.0258597094206445,-4.000000000000053,-4.701098618554177,-7.130496758879494,-1.2114208595935636,0.8100370858468624,-0.8453761333855634,-2.7587175158082258,-2.697122984488282,-3.7868086200878075,0.0,0,0.0,0,-0.9815690725817605,EXIT_OVERLAY_NO_IMPROVEMENT
pa_gap_mtp2_meta,full_available,max_hold_tighten_30,1,1435,1435,117.40405934587943,65.10086925548237,-52.30319009039707,0.08181467550235501,0.04536645941148597,1.2050984271390854,1.1723151072730305,0.5170731707317073,0.5428571428571428,-22.343987097216072,-21.788809527959877,-8.53075850275083,-6.621662353739336,-7.951128412168371,-7.578661037980729,-6.901584691085398,-6.772527276187669,-7.951128412168371,-5.186556793234153,0.05520919897725607,2.341778163419396,0.0013937282229965157,2,0.7254355400696864,1041,5.180197998274089,EXIT_OVERLAY_NO_IMPROVEMENT
pa_gap_mtp2_meta,full_available,max_hold_tighten_30,2,312,312,14.588144682117287,-2.344134622742614,-16.9322793048599,0.04675687398114515,-0.007513251995969916,1.12397646510063,0.9679471425288204,0.46474358974358976,0.4775641025641026,-10.247117189295707,-13.206388179215283,-4.0258597094206445,-2.7549900328785797,-4.701098618554177,-3.9299029618813153,-1.2114208595935636,-1.5077139650293196,-0.8453761333855634,-0.358342603128585,-2.697122984488282,-0.8024519635097642,0.0,0,0.8557692307692307,267,2.0854114457997404,EXIT_OVERLAY_NO_IMPROVEMENT
pa_gap_mtp2_meta,full_available,max_hold_tighten_60,1,1435,1435,117.40405934587943,114.78089994070474,-2.6231594051746896,0.08181467550235501,0.07998668985414964,1.2050984271390854,1.2453453084388886,0.5170731707317073,0.526829268292683,-22.343987097216072,-11.418704314854253,-8.53075850275083,-9.19726910862431,-7.951128412168371,-6.042120890672927,-6.901584691085398,-2.3250751640190224,-7.951128412168371,-6.042120890672927,0.05520919897725607,2.4624464086558455,0.0013937282229965157,2,0.5930313588850175,851,8.892754258240416,EXIT_OVERLAY_PROMISING
pa_gap_mtp2_meta,full_available,max_hold_tighten_60,2,312,312,14.588144682117287,7.192992241284296,-7.395152440832991,0.04675687398114515,0.02305446231180864,1.12397646510063,1.076275367330017,0.46474358974358976,0.5192307692307693,-10.247117189295707,-13.463591647876418,-4.0258597094206445,-3.950138504155191,-4.701098618554177,-4.424279995738662,-1.2114208595935636,-2.739550432612648,-0.8453761333855634,-0.622790870002519,-2.697122984488282,-2.1066662798637736,0.0,0,0.75,234,-0.7150876050115302,EXIT_OVERLAY_NO_IMPROVEMENT
pa_gap_mtp2_meta,full_available,no_followthrough_exit_3bars,1,1435,1435,117.40405934587943,67.29747441562728,-50.106584930252154,0.08181467550235501,0.04689719471472284,1.2050984271390854,1.1772708441133422,0.5170731707317073,0.38257839721254355,-22.343987097216072,-16.114818442979825,-8.53075850275083,-7.940692876110241,-7.951128412168371,-8.546463993992663,-6.901584691085398,-5.416821015374892,-7.951128412168371,-2.146680689091218,0.05520919897725607,-8.546463993992663,0.0006968641114982578,1,0.5602787456445993,804,-1.312461794182255,EXIT_OVERLAY_TOO_AGGRESSIVE
pa_gap_mtp2_meta,full_available,no_followthrough_exit_3bars,2,312,312,14.588144682117287,6.682094110188707,-7.90605057192858,0.04675687398114515,0.02141696830188688,1.12397646510063,1.0891045378208257,0.46474358974358976,0.3814102564102564,-10.247117189295707,-7.288726265442941,-4.0258597094206445,-3.3100547980120294,-4.701098618554177,-4.90547533187627,-1.2114208595935636,0.7260483936282396,-0.8453761333855634,0.8131803272702737,-2.697122984488282,-1.6910829900574451,0.0,0,0.6121794871794872,191,4.602065708308477,EXIT_OVERLAY_PROMISING
pa_gap_mtp2_meta,full_available,no_followthrough_exit_5bars,1,1435,1435,117.40405934587943,95.96208035343201,-21.441978992447417,0.08181467550235501,0.06687252986301882,1.2050984271390854,1.2137123355594988,0.5170731707317073,0.3979094076655052,-22.343987097216072,-20.33978991290045,-8.53075850275083,-9.11530831330662,-7.951128412168371,-6.41694858461884,-6.901584691085398,-4.409818622416783,-7.951128412168371,0.6972974441142827,0.05520919897725607,-3.524542450605211,0.0013937282229965157,2,0.45017421602787455,646,7.560440275368805,EXIT_OVERLAY_PROMISING
pa_gap_mtp2_meta,full_available,no_followthrough_exit_5bars,2,312,312,14.588144682117287,16.05385994869079,1.4657152665735023,0.04675687398114515,0.05145467932272689,1.12397646510063,1.1695819216692274,0.46474358974358976,0.375,-10.247117189295707,-8.127800150494494,-4.0258597094206445,-2.418891732648135,-4.701098618554177,-4.96418535038015,-1.2114208595935636,0.6824293554606624,-0.8453761333855634,0.39937454913412507,-2.697122984488282,-3.7333992065461628,0.0,0,0.46474358974358976,145,2.1023246755160345,EXIT_OVERLAY_PROMISING
pa_gap_mtp2_meta,full_available,runner_after_1R_trail_atr,1,1435,1435,117.40405934587943,108.69967979466733,-8.7043795512121,0.08181467550235501,0.07574890578025598,1.2050984271390854,1.1814216418456782,0.5170731707317073,0.5421602787456447,-22.343987097216072,-32.76434932300714,-8.53075850275083,-10.030164994941458,-7.951128412168371,-12.248676046841762,-6.901584691085398,-11.109128820752245,-7.951128412168371,-0.13363090671083255,0.05520919897725607,1.0850821660265173,0.0,0,0.3909407665505226,561,4.639826342839955,EXIT_OVERLAY_NO_IMPROVEMENT
pa_gap_mtp2_meta,full_available,runner_after_1R_trail_atr,2,312,312,14.588144682117287,6.7611263559435235,-7.827018326173763,0.04675687398114515,0.02167027678187027,1.12397646510063,1.050435619084748,0.46474358974358976,0.5288461538461539,-10.247117189295707,-12.908255206922256,-4.0258597094206445,-4.000000000000053,-4.701098618554177,-6.101381534298871,-1.2114208595935636,2.211540738251701,-0.8453761333855634,0.5021065562463038,-2.697122984488282,1.618684685878865,0.0,0,0.3717948717948718,116,9.08625195784428,EXIT_OVERLAY_NO_IMPROVEMENT
pa_gap_mtp2_meta,full_available,runner_after_1R_trail_vwap,1,1435,1435,117.40405934587943,150.22610783048043,32.822048484601,0.08181467550235501,0.10468718315712922,1.2050984271390854,1.2465987732190469,0.5170731707317073,0.50801393728223,-22.343987097216072,-34.558408288733304,-8.53075850275083,-10.193348886487303,-7.951128412168371,-14.933333494792581,-6.901584691085398,-14.933333494792581,-7.951128412168371,3.5390345877664844,0.05520919897725607,2.6450438544317514,0.0,0,0.38118466898954706,547,6.048248851682171,EXIT_OVERLAY_CONTEXT_SPECIFIC
pa_gap_mtp2_meta,full_available,runner_after_1R_trail_vwap,2,312,312,14.588144682117287,27.01844511913326,12.430300437015974,0.04675687398114515,0.0865975805100425,1.12397646510063,1.1933447299553368,0.46474358974358976,0.47435897435897434,-10.247117189295707,-11.582574993432328,-4.0258597094206445,-4.000000000000053,-4.701098618554177,-7.377265444521537,-1.2114208595935636,6.764750011603726,-0.8453761333855634,-1.4351424711251337,-2.697122984488282,2.60807933115266,0.0,0,0.34935897435897434,109,12.691606849098664,EXIT_OVERLAY_CONTEXT_SPECIFIC
pa_gap_mtp2_meta,full_available,trend_swing_1p5R,1,1435,1435,117.40405934587943,151.66010414724883,34.2560448013694,0.08181467550235501,0.1056864837263058,1.2050984271390854,1.2274038138742183,0.5170731707317073,0.48989547038327524,-22.343987097216072,-19.570884223993886,-8.53075850275083,-10.410995049462418,-7.951128412168371,-8.384524737209398,-6.901584691085398,-6.350950451375471,-7.951128412168371,-4.438034548130388,0.05520919897725607,-1.347645849313465,0.0013937282229965157,2,0.030662020905923345,44,2.6608730554571913,EXIT_OVERLAY_PROMISING
pa_gap_mtp2_meta,full_available,trend_swing_1p5R,2,312,312,14.588144682117287,10.897770616704054,-3.6903740654132324,0.04675687398114515,0.03492875197661556,1.12397646510063,1.0706473428378016,0.46474358974358976,0.4423076923076923,-10.247117189295707,-16.7688022728675,-4.0258597094206445,-4.000000000000053,-4.701098618554177,-6.63559879969586,-1.2114208595935636,0.8100370858468624,-0.8453761333855634,-2.7587175158082258,-2.697122984488282,-4.036808620087867,0.0,0,0.0673076923076923,21,-1.231569072581821,EXIT_OVERLAY_NO_IMPROVEMENT
pa_gap_mtp2_meta,full_available,trend_swing_2R,1,1435,1435,117.40405934587943,157.40885981214484,40.00480046626541,0.08181467550235501,0.10969258523494414,1.2050984271390854,1.2359150577874216,0.5170731707317073,0.489198606271777,-22.343987097216072,-19.070884223993886,-8.53075850275083,-10.410995049462418,-7.951128412168371,-8.384524737209398,-6.901584691085398,-5.850950451375471,-7.951128412168371,-4.079060189155978,0.05520919897725607,-0.7183355044858162,0.0013937282229965157,2,0.021602787456445994,31,4.149157759259252,EXIT_OVERLAY_PROMISING
pa_gap_mtp2_meta,full_available,trend_swing_2R,2,312,312,14.588144682117287,8.356676041351133,-6.231468640766154,0.04675687398114515,0.02678421808125363,1.12397646510063,1.0534807015907868,0.46474358974358976,0.4358974358974359,-10.247117189295707,-19.749500810783267,-4.0258597094206445,-4.000000000000053,-4.701098618554177,-7.130496758879494,-1.2114208595935636,0.8100370858468624,-0.8453761333855634,-2.7587175158082258,-2.697122984488282,-4.120141953421125,0.0,0,0.04807692307692308,15,-1.3149024059150785,EXIT_OVERLAY_NO_IMPROVEMENT
pa_gap_mtp2_meta,insample_ref,baseline_original,1,454,454,45.281921468863,45.281921468863,0.0,0.09973991512965417,0.09973991512965417,1.2500776996449536,1.2500776996449536,0.5176211453744494,0.5176211453744494,-10.051750287124175,-10.051750287124175,-4.659441634390633,-4.659441634390633,0.05520919897725607,0.05520919897725607,,,,,0.05520919897725607,0.05520919897725607,0.0,0,0.0,0,0.0,EXIT_OVERLAY_NO_IMPROVEMENT
pa_gap_mtp2_meta,insample_ref,baseline_original,2,109,109,6.989661774991321,6.989661774991321,0.0,0.06412533738524148,0.06412533738524148,1.164894451202785,1.164894451202785,0.46788990825688076,0.46788990825688076,-7.926556379224018,-7.926556379224018,-2.641827183457305,-2.641827183457305,-3.028203314726056,-3.028203314726056,,,,,-2.697122984488282,-2.697122984488282,0.0,0,0.0,0,0.0,EXIT_OVERLAY_NO_IMPROVEMENT
pa_gap_mtp2_meta,insample_ref,fixed_target_replay,1,454,454,45.281921468863,49.04097543969188,3.75905397082888,0.09973991512965417,0.10801976969095127,1.2500776996449536,1.2318169067608722,0.5176211453744494,0.486784140969163,-10.051750287124175,-10.853688955531354,-4.659441634390633,-2.7175160890900605,0.05520919897725607,-0.9683355044858308,,,,,0.05520919897725607,-0.9683355044858308,0.0,0,0.0,0,-1.0235447034630847,EXIT_OVERLAY_NO_IMPROVEMENT
pa_gap_mtp2_meta,insample_ref,fixed_target_replay,2,109,109,6.989661774991321,9.773692349944913,2.784030574953592,0.06412533738524148,0.08966690229307259,1.164894451202785,1.1943425846032283,0.46788990825688076,0.46788990825688076,-7.926556379224018,-10.002954771087758,-2.641827183457305,-2.3990902232827285,-3.028203314726056,-4.95034794479121,,,,,-2.697122984488282,-3.7868086200878075,0.0,0,0.0,0,-1.0896856355995248,EXIT_OVERLAY_PROMISING
pa_gap_mtp2_meta,insample_ref,max_hold_tighten_30,1,454,454,45.281921468863,34.897828697174205,-10.384092771688792,0.09973991512965417,0.07686746409069208,1.2500776996449536,1.313001033018781,0.5176211453744494,0.5550660792951542,-10.051750287124175,-5.05153703653086,-4.659441634390633,-2.1743205598903304,0.05520919897725607,-1.3876970547005252,,,,,0.05520919897725607,2.341778163419396,0.0,0,0.7268722466960352,330,2.286568964442142,EXIT_OVERLAY_PROMISING
pa_gap_mtp2_meta,insample_ref,max_hold_tighten_30,2,109,109,6.989661774991321,-2.172357568157317,-9.162019343148637,0.06412533738524148,-0.019929885946397403,1.164894451202785,0.9101651386172422,0.46788990825688076,0.46788990825688076,-7.926556379224018,-7.971554936227285,-2.641827183457305,-2.3048355986414797,-3.028203314726056,-3.727731130044271,,,,,-2.697122984488282,-0.8024519635097642,0.0,0,0.8807339449541285,96,1.8946710209785185,EXIT_OVERLAY_NO_IMPROVEMENT
pa_gap_mtp2_meta,insample_ref,max_hold_tighten_60,1,454,454,45.281921468863,52.58819597691591,7.3062745080529155,0.09973991512965417,0.11583303078615839,1.2500776996449536,1.3717779651736084,0.5176211453744494,0.5506607929515418,-10.051750287124175,-7.590212507741704,-4.659441634390633,-2.3189040742083105,0.05520919897725607,1.7981392969254424,,,,,0.05520919897725607,2.4624464086558455,0.0,0,0.5903083700440529,268,2.407237209678592,EXIT_OVERLAY_PROMISING
pa_gap_mtp2_meta,insample_ref,max_hold_tighten_60,2,109,109,6.989661774991321,-3.2730759569528436,-10.262737731944163,0.06412533738524148,-0.0300282197885582,1.164894451202785,0.9078940389386779,0.46788990825688076,0.5045871559633027,-7.926556379224018,-10.557251209512263,-2.641827183457305,-3.0039177677341784,-3.028203314726056,-3.6602197701845185,,,,,-2.697122984488282,-2.1066662798637736,0.0,0,0.7614678899082569,83,0.5904567046245099,EXIT_OVERLAY_NO_IMPROVEMENT
pa_gap_mtp2_meta,insample_ref,no_followthrough_exit_3bars,1,454,454,45.281921468863,13.606496768408338,-31.67542470045466,0.09973991512965417,0.029970257199137307,1.2500776996449536,1.104763276176484,0.5176211453744494,0.3766519823788546,-10.051750287124175,-14.287104319213936,-4.659441634390633,-6.182744007700312,0.05520919897725607,-8.546463993992663,,,,,0.05520919897725607,-8.546463993992663,0.0,0,0.5330396475770925,242,-8.601673192969916,EXIT_OVERLAY_NO_IMPROVEMENT
pa_gap_mtp2_meta,insample_ref,no_followthrough_exit_3bars,2,109,109,6.989661774991321,7.9594902144407635,0.9698284394494427,0.06412533738524148,0.0730228460040437,1.164894451202785,1.332065920102921,0.46788990825688076,0.3486238532110092,-7.926556379224018,-6.782217286253178,-2.641827183457305,-1.9124542124542045,-3.028203314726056,-4.90547533187627,,,,,-2.697122984488282,-1.6910829900574451,0.0,0,0.5779816513761468,63,1.0060399944308371,EXIT_OVERLAY_PROMISING
pa_gap_mtp2_meta,insample_ref,no_followthrough_exit_5bars,1,454,454,45.281921468863,31.560544445539776,-13.721377023323221,0.09973991512965417,0.06951661772145325,1.2500776996449536,1.2175584720305959,0.5176211453744494,0.40969162995594716,-10.051750287124175,-9.967922305481338,-4.659441634390633,-5.42140030271079,0.05520919897725607,-3.524542450605211,,,,,0.05520919897725607,-3.524542450605211,0.0,0,0.42731277533039647,194,-3.579751649582464,EXIT_OVERLAY_NO_IMPROVEMENT
pa_gap_mtp2_meta,insample_ref,no_followthrough_exit_5bars,2,109,109,6.989661774991321,4.279775798719511,-2.70988597627181,0.06412533738524148,0.03926399815339001,1.164894451202785,1.1333626786904518,0.46788990825688076,0.3853211009174312,-7.926556379224018,-8.127800150494492,-2.641827183457305,-2.367521367521386,-3.028203314726056,-4.96418535038015,,,,,-2.697122984488282,-3.7333992065461628,0.0,0,0.44954128440366975,49,-1.03627622205788,EXIT_OVERLAY_NO_IMPROVEMENT
pa_gap_mtp2_meta,insample_ref,runner_after_1R_trail_atr,1,454,454,45.281921468863,54.80365969782388,9.521738228960885,0.09973991512965417,0.12071290682340062,1.2500776996449536,1.296736180239613,0.5176211453744494,0.552863436123348,-10.051750287124175,-10.869300250554403,-4.659441634390633,-2.7640662988798215,0.05520919897725607,1.0850821660265173,,,,,0.05520919897725607,1.0850821660265173,0.0,0,0.40748898678414097,185,1.0298729670492641,EXIT_OVERLAY_CONTEXT_SPECIFIC
pa_gap_mtp2_meta,insample_ref,runner_after_1R_trail_atr,2,109,109,6.989661774991321,4.261210690443825,-2.728451084547496,0.06412533738524148,0.03909367605911766,1.164894451202785,1.0966594058076866,0.46788990825688076,0.5504587155963303,-7.926556379224018,-9.646504936188085,-2.641827183457305,-3.0749731365282496,-3.028203314726056,-6.101381534298871,,,,,-2.697122984488282,1.618684685878865,0.0,0,0.3761467889908257,41,4.315807670367148,EXIT_OVERLAY_NO_IMPROVEMENT
pa_gap_mtp2_meta,insample_ref,runner_after_1R_trail_vwap,1,454,454,45.281921468863,67.14944030589194,21.867518837028946,0.09973991512965417,0.14790625618037873,1.2500776996449536,1.3580028050894675,0.5176211453744494,0.5154185022026432,-10.051750287124175,-10.051971709569777,-4.659441634390633,-3.671389666653612,0.05520919897725607,-0.17389542650437928,,,,,0.05520919897725607,2.6450438544317514,0.0,0,0.40748898678414097,185,2.5898346554544975,EXIT_OVERLAY_CONTEXT_SPECIFIC
pa_gap_mtp2_meta,insample_ref,runner_after_1R_trail_vwap,2,109,109,6.989661774991321,23.30413695444949,16.31447517945817,0.06412533738524148,0.21379942160045404,1.164894451202785,1.5093039659303549,0.46788990825688076,0.5045871559633027,-7.926556379224018,-8.143121723976098,-2.641827183457305,-3.737205459690383,-3.028203314726056,-7.377265444521537,,,,,-2.697122984488282,2.60807933115266,0.0,0,0.3394495412844037,37,5.305202315640942,EXIT_OVERLAY_CONTEXT_SPECIFIC
pa_gap_mtp2_meta,insample_ref,trend_swing_1p5R,1,454,454,45.281921468863,48.81779038881502,3.535868919952023,0.09973991512965417,0.10752817266258814,1.2500776996449536,1.2307619100430123,0.5176211453744494,0.486784140969163,-10.051750287124175,-10.85368895553135,-4.659441634390633,-3.217516089090047,0.05520919897725607,-1.347645849313465,,,,,0.05520919897725607,-1.347645849313465,0.0,0,0.046255506607929514,21,-1.4028550482907198,EXIT_OVERLAY_NO_IMPROVEMENT
pa_gap_mtp2_meta,insample_ref,trend_swing_1p5R,2,109,109,6.989661774991321,10.580040002292542,3.590378227301221,0.06412533738524148,0.0970645871769958,1.164894451202785,1.2103762064152415,0.46788990825688076,0.46788990825688076,-7.926556379224018,-9.779178547311531,-2.641827183457305,-2.3990902232827285,-3.028203314726056,-4.95034794479121,,,,,-2.697122984488282,-4.036808620087867,0.0,0,0.07339449541284404,8,-1.3396856355995843,EXIT_OVERLAY_PROMISING
pa_gap_mtp2_meta,insample_ref,trend_swing_2R,1,454,454,45.281921468863,51.22417628759851,5.942254818735513,0.09973991512965417,0.11282858213127425,1.2500776996449536,1.2421369067784456,0.5176211453744494,0.486784140969163,-10.051750287124175,-10.853688955531354,-4.659441634390633,-2.217516089090074,0.05520919897725607,-0.7183355044858162,,,,,0.05520919897725607,-0.7183355044858162,0.0,0,0.02643171806167401,12,-0.7735447034630705,EXIT_OVERLAY_NO_IMPROVEMENT
pa_gap_mtp2_meta,insample_ref,trend_swing_2R,2,109,109,6.989661774991321,8.912048514328387,1.9223867393370657,0.06412533738524148,0.08176191297548978,1.164894451202785,1.177209439418635,0.46788990825688076,0.46788990825688076,-7.926556379224018,-10.764979126043656,-2.641827183457305,-2.3990902232827285,-3.028203314726056,-4.95034794479121,,,,,-2.697122984488282,-4.120141953421125,0.0,0,0.045871559633027525,5,-1.4230189689328427,EXIT_OVERLAY_NO_IMPROVEMENT
pa_gap_mtp2_meta,late_oow,baseline_original,1,299,299,18.117407065802333,18.117407065802333,0.0,0.06059333466823522,0.06059333466823522,1.1450157571457684,1.1450157571457684,0.5150501672240803,0.5150501672240803,-15.080941960702159,-15.080941960702159,-8.53075850275083,-8.53075850275083,-6.901584691085398,-6.901584691085398,-6.901584691085398,-6.901584691085398,,,,,0.0,0,0.0,0,0.0,EXIT_OVERLAY_NO_IMPROVEMENT
pa_gap_mtp2_meta,late_oow,baseline_original,2,67,67,0.6497144971021733,0.6497144971021733,0.0,0.009697231300032437,0.009697231300032437,1.027833218032962,1.027833218032962,0.44776119402985076,0.44776119402985076,-6.94250029123676,-6.94250029123676,-2.433513100779927,-2.433513100779927,-4.701098618554177,-4.701098618554177,-1.2114208595935636,-1.2114208595935636,,,,,0.0,0,0.0,0,0.0,EXIT_OVERLAY_NO_IMPROVEMENT
pa_gap_mtp2_meta,late_oow,fixed_target_replay,1,299,299,18.117407065802333,26.972587080750376,8.855180014948044,0.06059333466823522,0.09020932134030227,1.1450157571457684,1.19059545583309,0.5150501672240803,0.48494983277591974,-15.080941960702159,-17.43667369767812,-8.53075850275083,-10.410995049462418,-6.901584691085398,-8.384524737209398,-6.901584691085398,-6.100950451375479,,,,,0.0,0,0.0,0,0.8006342397099191,EXIT_OVERLAY_PROMISING
pa_gap_mtp2_meta,late_oow,fixed_target_replay,2,67,67,0.6497144971021733,-5.01440092574507,-5.664115422847243,0.009697231300032437,-0.07484180486186671,1.027833218032962,0.849239450063006,0.44776119402985076,0.417910447761194,-6.94250029123676,-11.155551349420895,-2.433513100779927,-3.9567833698030355,-4.701098618554177,-7.130496758879494,-1.2114208595935636,0.8100370858468624,,,,,0.0,0,0.0,0,2.0214579454404262,EXIT_OVERLAY_NO_IMPROVEMENT
pa_gap_mtp2_meta,late_oow,max_hold_tighten_30,1,299,299,18.117407065802333,-1.9834381223538209,-20.100845188156153,0.06059333466823522,-0.006633572315564619,1.1450157571457684,0.977418361832771,0.5150501672240803,0.5284280936454849,-15.080941960702159,-17.080302583467287,-8.53075850275083,-6.621662353739336,-6.901584691085398,-7.578661037980729,-6.901584691085398,-6.772527276187669,,,,,0.0,0,0.7023411371237458,210,0.12905741489772904,EXIT_OVERLAY_NO_IMPROVEMENT
pa_gap_mtp2_meta,late_oow,max_hold_tighten_30,2,67,67,0.6497144971021733,-0.22591667869000798,-0.8756311757921813,0.009697231300032437,-0.003371890726716537,1.027833218032962,0.9854762487234963,0.44776119402985076,0.47761194029850745,-6.94250029123676,-3.11927401939073,-2.433513100779927,-1.7721291155145749,-4.701098618554177,-1.5410861119826267,-1.2114208595935636,-1.5077139650293196,,,,,0.0,0,0.8507462686567164,57,-0.29629310543575604,EXIT_OVERLAY_PROMISING
pa_gap_mtp2_meta,late_oow,max_hold_tighten_60,1,299,299,18.117407065802333,18.252030292590216,0.13462322678788397,0.06059333466823522,0.061043579573880326,1.1450157571457684,1.1747816192129625,0.5150501672240803,0.5317725752508361,-15.080941960702159,-11.197269108624313,-8.53075850275083,-9.19726910862431,-6.901584691085398,-2.3250751640190224,-6.901584691085398,-2.3250751640190224,,,,,0.0,0,0.5585284280936454,167,4.576509527066376,EXIT_OVERLAY_PROMISING
pa_gap_mtp2_meta,late_oow,max_hold_tighten_60,2,67,67,0.6497144971021733,5.6328968010250495,4.983182303922876,0.009697231300032437,0.08407308658246343,1.027833218032962,1.3295462133290188,0.44776119402985076,0.582089552238806,-6.94250029123676,-2.9680577321328965,-2.433513100779927,-1.787988385716447,-4.701098618554177,-2.739550432612648,-1.2114208595935636,-2.739550432612648,,,,,0.0,0,0.7761194029850746,52,-1.5281295730190843,EXIT_OVERLAY_PROMISING
pa_gap_mtp2_meta,late_oow,no_followthrough_exit_3bars,1,299,299,18.117407065802333,25.226319885694448,7.108912819892115,0.06059333466823522,0.08436896282840953,1.1450157571457684,1.2991691068851996,0.5150501672240803,0.44816053511705684,-15.080941960702159,-9.051981130190203,-8.53075850275083,-7.940692876110241,-6.901584691085398,-5.416821015374892,-6.901584691085398,-5.416821015374892,,,,,0.0,0,0.49498327759197325,148,1.4847636757105072,EXIT_OVERLAY_PROMISING
pa_gap_mtp2_meta,late_oow,no_followthrough_exit_3bars,2,67,67,0.6497144971021733,-2.226908018527543,-2.876622515629716,0.009697231300032437,-0.03323743311235139,1.027833218032962,0.8576218631956243,0.44776119402985076,0.3880597014925373,-6.94250029123676,-6.365657666886188,-2.433513100779927,-2.6532310768822827,-4.701098618554177,-2.6790894679504684,-1.2114208595935636,0.7260483936282396,,,,,0.0,0,0.6417910447761194,43,1.9374692532218032,EXIT_OVERLAY_NO_IMPROVEMENT
pa_gap_mtp2_meta,late_oow,no_followthrough_exit_5bars,1,299,299,18.117407065802333,29.16969892105448,11.052291855252147,0.06059333466823522,0.0975575214750986,1.1450157571457684,1.2994760522244335,0.5150501672240803,0.41471571906354515,-15.080941960702159,-10.79707963123356,-8.53075850275083,-9.11530831330662,-6.901584691085398,-4.409818622416783,-6.901584691085398,-4.409818622416783,,,,,0.0,0,0.41471571906354515,124,2.491766068668616,EXIT_OVERLAY_PROMISING
pa_gap_mtp2_meta,late_oow,no_followthrough_exit_5bars,2,67,67,0.6497144971021733,2.7122005634629947,2.0624860663608215,0.009697231300032437,0.04048060542482081,1.027833218032962,1.1474152558032005,0.44776119402985076,0.34328358208955223,-6.94250029123676,-4.57721555099425,-2.433513100779927,-2.418891732648135,-4.701098618554177,-3.1552985641634717,-1.2114208595935636,0.6824293554606624,,,,,0.0,0,0.4925373134328358,33,1.893850215054226,EXIT_OVERLAY_PROMISING
pa_gap_mtp2_meta,late_oow,runner_after_1R_trail_atr,1,299,299,18.117407065802333,-6.796763134026232,-24.914170199828565,0.06059333466823522,-0.022731649277679705,1.1450157571457684,0.9496694013590444,0.5150501672240803,0.5117056856187291,-15.080941960702159,-26.698461399380207,-8.53075850275083,-10.030164994941458,-6.901584691085398,-12.248676046841762,-6.901584691085398,-11.109128820752245,,,,,0.0,0,0.3745819397993311,112,-4.207544129666848,EXIT_OVERLAY_NO_IMPROVEMENT
pa_gap_mtp2_meta,late_oow,runner_after_1R_trail_atr,2,67,67,0.6497144971021733,-0.9604340231453801,-1.6101485202475534,0.009697231300032437,-0.014334836166348956,1.027833218032962,0.9650904881322009,0.44776119402985076,0.5223880597014925,-6.94250029123676,-8.847026555983849,-2.433513100779927,-2.955223880596999,-4.701098618554177,-5.545051761871538,-1.2114208595935636,2.211540738251701,,,,,0.0,0,0.3283582089552239,22,3.4229615978452648,EXIT_OVERLAY_NO_IMPROVEMENT
pa_gap_mtp2_meta,late_oow,runner_after_1R_trail_vwap,1,299,299,18.117407065802333,14.817485364110418,-3.2999217016919147,0.06059333466823522,0.04955680723782748,1.1450157571457684,1.1085218429068213,0.5150501672240803,0.4882943143812709,-15.080941960702159,-28.369424936994104,-8.53075850275083,-10.193348886487303,-6.901584691085398,-14.933333494792581,-6.901584691085398,-14.933333494792581,,,,,0.0,0,0.3712374581939799,111,-8.031748803707185,EXIT_OVERLAY_NO_IMPROVEMENT
pa_gap_mtp2_meta,late_oow,runner_after_1R_trail_vwap,2,67,67,0.6497144971021733,-0.9425429704438675,-1.5922574675460408,0.009697231300032437,-0.014067805529012947,1.027833218032962,0.9665613319586585,0.44776119402985076,0.4626865671641791,-6.94250029123676,-11.582574993432317,-2.433513100779927,-3.452320429139558,-4.701098618554177,-6.849018312862762,-1.2114208595935636,6.764750011603726,,,,,0.0,0,0.3283582089552239,22,7.976170871197289,EXIT_OVERLAY_NO_IMPROVEMENT
pa_gap_mtp2_meta,late_oow,trend_swing_1p5R,1,299,299,18.117407065802333,26.103021863359004,7.985614797556671,0.06059333466823522,0.08730107646608362,1.1450157571457684,1.1844508773212425,0.5150501672240803,0.48494983277591974,-15.080941960702159,-17.686673697678113,-8.53075850275083,-10.410995049462418,-6.901584691085398,-8.384524737209398,-6.901584691085398,-6.350950451375471,,,,,0.0,0,0.023411371237458192,7,0.5506342397099271,EXIT_OVERLAY_PROMISING
pa_gap_mtp2_meta,late_oow,trend_swing_1p5R,2,67,67,0.6497144971021733,-5.519502966561353,-6.169217463663526,0.009697231300032437,-0.08238064129196049,1.027833218032962,0.8340532967068209,0.44776119402985076,0.417910447761194,-6.94250029123676,-10.910653390237247,-2.433513100779927,-3.9567833698030355,-4.701098618554177,-6.63559879969586,-1.2114208595935636,0.8100370858468624,,,,,0.0,0,0.07462686567164178,5,2.0214579454404262,EXIT_OVERLAY_NO_IMPROVEMENT
pa_gap_mtp2_meta,late_oow,trend_swing_2R,1,299,299,18.117407065802333,28.47258708075043,10.355180014948097,0.06059333466823522,0.0952260437483292,1.1450157571457684,1.201194853766026,0.5150501672240803,0.48494983277591974,-15.080941960702159,-17.186673697678113,-8.53075850275083,-10.410995049462418,-6.901584691085398,-8.384524737209398,-6.901584691085398,-5.850950451375471,,,,,0.0,0,0.020066889632107024,6,1.050634239709927,EXIT_OVERLAY_PROMISING
pa_gap_mtp2_meta,late_oow,trend_swing_2R,2,67,67,0.6497144971021733,-7.01440092574499,-7.664115422847163,0.009697231300032437,-0.10469255113052224,1.027833218032962,0.795263914589576,0.44776119402985076,0.40298507462686567,-6.94250029123676,-12.905551349420875,-2.433513100779927,-3.9567833698030355,-4.701098618554177,-7.130496758879494,-1.2114208595935636,0.8100370858468624,,,,,0.0,0,0.05970149253731343,4,2.0214579454404262,EXIT_OVERLAY_NO_IMPROVEMENT
pa_only_mtp1_meta,early_oow,baseline_original,1,650,650,45.14041230536661,45.14041230536661,0.0,0.06944678816210248,0.06944678816210248,1.1885055027878,1.1885055027878,0.5138461538461538,0.5138461538461538,-10.540715151356011,-10.540715151356011,-8.438034864905076,-8.438034864905076,-7.460756237347331,-7.460756237347331,,,-5.073776738017027,-5.073776738017027,,,0.0,0,0.0,0,0.0,EXIT_OVERLAY_NO_IMPROVEMENT
pa_only_mtp1_meta,early_oow,fixed_target_replay,1,650,650,45.14041230536661,61.542068628941806,16.401656323575196,0.06944678816210248,0.0946801055829874,1.1885055027878,1.2021621463146808,0.5138461538461538,0.4753846153846154,-10.540715151356011,-15.118206477031627,-8.438034864905076,-9.060198270113228,-7.460756237347331,-3.9073979581286444,,,-5.073776738017027,-3.9073979581286444,,,0.0,0,0.0,0,1.166378779888384,EXIT_OVERLAY_NO_IMPROVEMENT
pa_only_mtp1_meta,early_oow,max_hold_tighten_30,1,650,650,45.14041230536661,15.975595960820693,-29.16481634454592,0.06944678816210248,0.024577839939724143,1.1885055027878,1.1097176699414901,0.5138461538461538,0.5292307692307693,-10.540715151356011,-15.419808620330947,-8.438034864905076,-5.952208931422502,-7.460756237347331,-4.396769766210758,,,-5.073776738017027,-2.3244916517094385,,,0.0,0,0.8615384615384616,560,2.749285086307588,EXIT_OVERLAY_NO_IMPROVEMENT
pa_only_mtp1_meta,early_oow,max_hold_tighten_60,1,650,650,45.14041230536661,25.585787679184147,-19.554624626182463,0.06944678816210248,0.03936275027566792,1.1885055027878,1.1346604522933839,0.5138461538461538,0.5061538461538462,-10.540715151356011,-13.36070453852923,-8.438034864905076,-7.060958805055496,-7.460756237347331,-4.033739167784417,,,-5.073776738017027,-3.4282202399539825,,,0.0,0,0.7476923076923077,486,1.6455564980630464,EXIT_OVERLAY_NO_IMPROVEMENT
pa_only_mtp1_meta,early_oow,no_followthrough_exit_3bars,1,650,650,45.14041230536661,9.58059818475694,-35.55981412060967,0.06944678816210248,0.014739381822702985,1.1885055027878,1.0694248864088893,0.5138461538461538,0.3507692307692308,-10.540715151356011,-18.238086188876622,-8.438034864905076,-6.979083019427791,-7.460756237347331,-5.25706068856246,,,-5.073776738017027,5.8733338859329915,,,0.0,0,0.6923076923076923,450,10.947110623950017,EXIT_OVERLAY_NO_IMPROVEMENT
pa_only_mtp1_meta,early_oow,no_followthrough_exit_5bars,1,650,650,45.14041230536661,28.1622763362042,-16.97813596916241,0.06944678816210248,0.0433265789787757,1.1885055027878,1.1583638855587939,0.5138461538461538,0.36153846153846153,-10.540715151356011,-25.41800826771237,-8.438034864905076,-8.09718111831963,-7.460756237347331,-7.163904826375652,,,-5.073776738017027,5.286760477948038,,,0.0,0,0.5523076923076923,359,10.360537215965063,EXIT_OVERLAY_NO_IMPROVEMENT
pa_only_mtp1_meta,early_oow,runner_after_1R_trail_atr,1,650,650,45.14041230536661,60.70143881247736,15.561026507110753,0.06944678816210248,0.09338682894227286,1.1885055027878,1.2255490342605069,0.5138461538461538,0.5384615384615384,-10.540715151356011,-11.913848163127518,-8.438034864905076,-10.072698270113076,-7.460756237347331,-4.158136053369797,,,-5.073776738017027,3.8223950853759394,,,0.0,0,0.34307692307692306,223,8.896171823392965,EXIT_OVERLAY_CONTEXT_SPECIFIC
pa_only_mtp1_meta,early_oow,runner_after_1R_trail_vwap,1,650,650,45.14041230536661,65.80083894228233,20.660426636915716,0.06944678816210248,0.10123205991120358,1.1885055027878,1.2367864200923648,0.5138461538461538,0.5030769230769231,-10.540715151356011,-14.334330924584584,-8.438034864905076,-8.47269827011309,-7.460756237347331,-2.536559253804616,,,-5.073776738017027,-0.9165466316292534,,,0.0,0,0.31846153846153846,207,4.1572301063877735,EXIT_OVERLAY_CONTEXT_SPECIFIC
pa_only_mtp1_meta,early_oow,trend_swing_1p5R,1,650,650,45.14041230536661,59.23177282009939,14.091360514732777,0.06944678816210248,0.09112580433861445,1.1885055027878,1.1952142252894744,0.5138461538461538,0.47692307692307695,-10.540715151356011,-14.903090197961859,-8.438034864905076,-8.845081991043454,-7.460756237347331,-4.266372317103054,,,-5.073776738017027,-4.266372317103054,,,0.0,0,0.038461538461538464,25,0.8074044209139748,EXIT_OVERLAY_NO_IMPROVEMENT
pa_only_mtp1_meta,early_oow,trend_swing_2R,1,650,650,45.14041230536661,61.32637224061536,16.185959935248754,0.06944678816210248,0.09434826498556209,1.1885055027878,1.2012506037928339,0.5138461538461538,0.47384615384615386,-10.540715151356011,-15.118206477031627,-8.438034864905076,-9.060198270113228,-7.460756237347331,-3.9073979581286444,,,-5.073776738017027,-3.9073979581286444,,,0.0,0,0.03076923076923077,20,1.166378779888384,EXIT_OVERLAY_NO_IMPROVEMENT
pa_only_mtp1_meta,full_available,baseline_original,1,1379,1379,104.59469676655733,104.59469676655733,0.0,0.0758482210054803,0.0758482210054803,1.2054573868491267,1.2054573868491267,0.5134155184916607,0.5134155184916607,-17.7148014135999,-17.7148014135999,-8.438034864905076,-8.438034864905076,-11.68332236140594,-11.68332236140594,-11.68332236140594,-11.68332236140594,-5.073776738017027,-5.073776738017027,1.6143790109908787,1.6143790109908787,0.0,0,0.0,0,0.0,EXIT_OVERLAY_NO_IMPROVEMENT
pa_only_mtp1_meta,full_available,fixed_target_replay,1,1379,1379,104.59469676655733,127.28340352761654,22.68870676105921,0.0758482210054803,0.09230123533547248,1.2054573868491267,1.1996707541461584,0.5134155184916607,0.47643219724437996,-17.7148014135999,-17.01013352123988,-8.438034864905076,-9.060198270113228,-11.68332236140594,-7.540913365528413,-11.68332236140594,-7.540913365528413,-5.073776738017027,-3.9073979581286444,1.6143790109908787,-2.9885708827890602,0.0,0,0.0,0,0.7058378819859676,EXIT_OVERLAY_NO_IMPROVEMENT
pa_only_mtp1_meta,full_available,max_hold_tighten_30,1,1379,1379,104.59469676655733,48.33760287696772,-56.25709388958961,0.0758482210054803,0.03505264893181126,1.2054573868491267,1.1638342976467348,0.5134155184916607,0.5358955765047135,-17.7148014135999,-15.419808620330947,-8.438034864905076,-5.952208931422502,-11.68332236140594,-4.732532434608462,-11.68332236140594,-4.732532434608462,-5.073776738017027,-2.3244916517094385,1.6143790109908787,3.9667468807310065,0.0,0,0.8665699782451052,1195,12.052442882845188,EXIT_OVERLAY_TOO_AGGRESSIVE
pa_only_mtp1_meta,full_available,max_hold_tighten_60,1,1379,1379,104.59469676655733,87.31580382146271,-17.278892945094626,0.0758482210054803,0.06331820436654294,1.2054573868491267,1.224731398652498,0.5134155184916607,0.5329949238578681,-17.7148014135999,-13.36070453852923,-8.438034864905076,-7.060958805055496,-11.68332236140594,-7.604639746967727,-11.68332236140594,-7.604639746967727,-5.073776738017027,-3.4282202399539825,1.6143790109908787,3.6838833120328554,0.0,0,0.7505438723712835,1035,7.793743413543233,EXIT_OVERLAY_PROMISING
pa_only_mtp1_meta,full_available,no_followthrough_exit_3bars,1,1379,1379,104.59469676655733,36.76431297585982,-67.83038379069751,0.0758482210054803,0.02666012543572141,1.2054573868491267,1.118230236453096,0.5134155184916607,0.37200870195794056,-17.7148014135999,-18.238086188876622,-8.438034864905076,-6.979083019427791,-11.68332236140594,-5.25706068856246,-11.68332236140594,-4.976371490717241,-5.073776738017027,5.8733338859329915,1.6143790109908787,-5.246154912713294,0.0,0,0.646120377084844,891,10.793527570934536,EXIT_OVERLAY_NO_IMPROVEMENT
pa_only_mtp1_meta,full_available,no_followthrough_exit_5bars,1,1379,1379,104.59469676655733,77.47802192986006,-27.11667483669727,0.0758482210054803,0.05618420734580135,1.2054573868491267,1.2024522017006263,0.5134155184916607,0.3799854967367658,-17.7148014135999,-25.41800826771237,-8.438034864905076,-8.09718111831963,-11.68332236140594,-7.163904826375652,-11.68332236140594,-4.197714995454967,-5.073776738017027,5.286760477948038,1.6143790109908787,-2.2486973036063995,0.0,0,0.5221174764321972,720,13.983068267318753,EXIT_OVERLAY_NO_IMPROVEMENT
pa_only_mtp1_meta,full_available,runner_after_1R_trail_atr,1,1379,1379,104.59469676655733,118.58750081739205,13.992804050834721,0.0758482210054803,0.08599528703219149,1.2054573868491267,1.2104670030418028,0.5134155184916607,0.542422044960116,-17.7148014135999,-22.181807054659174,-8.438034864905076,-10.072698270113076,-11.68332236140594,-8.545478609491699,-11.68332236140594,-5.166749070809716,-5.073776738017027,3.8223950853759394,1.6143790109908787,7.641146972739114,0.0,0,0.34662799129804206,478,21.439513075737423,EXIT_OVERLAY_NO_IMPROVEMENT
pa_only_mtp1_meta,full_available,runner_after_1R_trail_vwap,1,1379,1379,104.59469676655733,165.56997844684997,60.97528168029264,0.0758482210054803,0.12006524905500361,1.2054573868491267,1.2864316262112268,0.5134155184916607,0.5105148658448151,-17.7148014135999,-25.244570085352336,-8.438034864905076,-9.600373646027016,-11.68332236140594,-12.179668194085638,-11.68332236140594,-2.7201095288072406,-5.073776738017027,-0.9165466316292534,1.6143790109908787,9.085548763786173,0.0,0,0.3306744017403916,456,20.59161269178177,EXIT_OVERLAY_CONTEXT_SPECIFIC
pa_only_mtp1_meta,full_available,trend_swing_1p5R,1,1379,1379,104.59469676655733,123.68160306203731,19.086906295479977,0.0758482210054803,0.0896893423219995,1.2054573868491267,1.194325413791734,0.5134155184916607,0.47715736040609136,-17.7148014135999,-17.747024907007642,-8.438034864905076,-8.845081991043454,-11.68332236140594,-7.790913365528405,-11.68332236140594,-7.790913365528405,-5.073776738017027,-4.266372317103054,1.6143790109908787,-3.617881227616753,0.0,0,0.047860768672951415,66,-0.5324468218161265,EXIT_OVERLAY_NO_IMPROVEMENT
pa_only_mtp1_meta,full_available,trend_swing_2R,1,1379,1379,104.59469676655733,127.38926415158036,22.79456738502303,0.0758482210054803,0.09237800156024682,1.2054573868491267,1.199427914038723,0.5134155184916607,0.4749818709209572,-17.7148014135999,-19.260133521239837,-8.438034864905076,-9.060198270113228,-11.68332236140594,-9.596139419101103,-11.68332236140594,-7.290913365528405,-5.073776738017027,-3.9073979581286444,1.6143790109908787,-3.071904216122362,0.0,0,0.0340826686004351,47,0.8725045486526746,EXIT_OVERLAY_NO_IMPROVEMENT
pa_only_mtp1_meta,insample_ref,baseline_original,1,443,443,37.96783399907462,37.96783399907462,0.0,0.08570617155547318,0.08570617155547318,1.2295680281615833,1.2295680281615833,0.510158013544018,0.510158013544018,-9.827996245747386,-9.827996245747386,-3.4804721941363708,-3.4804721941363708,-3.3673501496221974,-3.3673501496221974,,,,,1.6143790109908787,1.6143790109908787,0.0,0,0.0,0,0.0,EXIT_OVERLAY_NO_IMPROVEMENT
pa_only_mtp1_meta,insample_ref,fixed_target_replay,1,443,443,37.96783399907462,42.1063383149656,4.138504315890977,0.08570617155547318,0.09504816775387268,1.2295680281615833,1.2065825195612836,0.510158013544018,0.4762979683972912,-9.827996245747386,-12.518208025002124,-3.4804721941363708,-3.454420386507228,-3.3673501496221974,-4.543639463426862,,,,,1.6143790109908787,-2.9885708827890602,0.0,0,0.0,0,-4.602949893779938,EXIT_OVERLAY_NO_IMPROVEMENT
pa_only_mtp1_meta,insample_ref,max_hold_tighten_30,1,443,443,37.96783399907462,22.0341641350008,-15.93366986407382,0.08570617155547318,0.04973851949210113,1.2295680281615833,1.2520778403934334,0.510158013544018,0.5417607223476298,-9.827996245747386,-4.6907961565107295,-3.4804721941363708,-3.495629728820862,-3.3673501496221974,-3.746558290497612,,,,,1.6143790109908787,3.9667468807310065,0.0,0,0.8871331828442438,393,2.3523678697401262,EXIT_OVERLAY_CONTEXT_SPECIFIC
pa_only_mtp1_meta,insample_ref,max_hold_tighten_60,1,443,443,37.96783399907462,32.75447621490338,-5.213357784171244,0.08570617155547318,0.0739378695596013,1.2295680281615833,1.2698568322860204,0.510158013544018,0.5485327313769752,-9.827996245747386,-7.624359021140847,-3.4804721941363708,-3.516546239601476,-3.3673501496221974,-3.7739617607161784,,,,,1.6143790109908787,3.6838833120328554,0.0,0,0.7652370203160271,339,2.0695043010419765,EXIT_OVERLAY_PROMISING
pa_only_mtp1_meta,insample_ref,no_followthrough_exit_3bars,1,443,443,37.96783399907462,7.174361355985919,-30.793472643088702,0.08570617155547318,0.016194946627507718,1.2295680281615833,1.0665406270620692,0.510158013544018,0.36343115124153497,-9.827996245747386,-13.764906202190927,-3.4804721941363708,-6.327768905534014,-3.3673501496221974,-5.246154912713294,,,,,1.6143790109908787,-5.246154912713294,0.0,0,0.6094808126410836,270,-6.860533923704175,EXIT_OVERLAY_NO_IMPROVEMENT
pa_only_mtp1_meta,insample_ref,no_followthrough_exit_5bars,1,443,443,37.96783399907462,20.80915721040082,-17.1586767886738,0.08570617155547318,0.0469732668406339,1.2295680281615833,1.1640632986435424,0.510158013544018,0.3972911963882618,-9.827996245747386,-10.392108567265659,-3.4804721941363708,-6.016645511833668,-3.3673501496221974,-2.2486973036063995,,,,,1.6143790109908787,-2.2486973036063995,0.0,0,0.4966139954853273,220,-3.8630763145972784,EXIT_OVERLAY_NO_IMPROVEMENT
pa_only_mtp1_meta,insample_ref,runner_after_1R_trail_atr,1,443,443,37.96783399907462,56.35646878423243,18.388634785157812,0.08570617155547318,0.12721550515628088,1.2295680281615833,1.3210348356340433,0.510158013544018,0.5575620767494357,-9.827996245747386,-10.825095120011866,-3.4804721941363708,-3.0998306972634557,-3.3673501496221974,-3.7398892258876755,,,,,1.6143790109908787,7.641146972739114,0.0,0,0.35891647855530473,159,6.026767961748235,EXIT_OVERLAY_CONTEXT_SPECIFIC
pa_only_mtp1_meta,insample_ref,runner_after_1R_trail_vwap,1,443,443,37.96783399907462,86.06248284146508,48.09464884239046,0.08570617155547318,0.1942719702967609,1.2295680281615833,1.4794788134701893,0.510158013544018,0.5259593679458239,-9.827996245747386,-12.209681526443347,-3.4804721941363708,-3.0380231681132646,-3.3673501496221974,-5.056360602892615,,,,,1.6143790109908787,9.085548763786173,0.0,0,0.3476297968397291,154,7.471169752795292,EXIT_OVERLAY_CONTEXT_SPECIFIC
pa_only_mtp1_meta,insample_ref,trend_swing_1p5R,1,443,443,37.96783399907462,42.1895009164364,4.22166691736178,0.08570617155547318,0.09523589371656073,1.2295680281615833,1.2069905327116222,0.510158013544018,0.4762979683972912,-9.827996245747386,-12.768208025002146,-3.4804721941363708,-3.454420386507228,-3.3673501496221974,-5.043639463426892,,,,,1.6143790109908787,-3.617881227616753,0.0,0,0.0654627539503386,29,-5.2322602386076325,EXIT_OVERLAY_NO_IMPROVEMENT
pa_only_mtp1_meta,insample_ref,trend_swing_2R,1,443,443,37.96783399907462,42.92789532725571,4.960061328181091,0.08570617155547318,0.09690269825565623,1.2295680281615833,1.2106132504287506,0.510158013544018,0.4762979683972912,-9.827996245747386,-12.268208025002117,-3.4804721941363708,-3.454420386507228,-3.3673501496221974,-4.510306130093577,,,,,1.6143790109908787,-3.071904216122362,0.0,0,0.03837471783295711,17,-4.6862832271132415,EXIT_OVERLAY_NO_IMPROVEMENT
pa_only_mtp1_meta,late_oow,baseline_original,1,286,286,21.486450462116103,21.486450462116103,0.0,0.07512744916823812,0.07512744916823812,1.206145898191235,1.206145898191235,0.5174825174825175,0.5174825174825175,-12.342562973743018,-12.342562973743018,-6.609311554340818,-6.609311554340818,-11.68332236140594,-11.68332236140594,-11.68332236140594,-11.68332236140594,,,,,0.0,0,0.0,0,0.0,EXIT_OVERLAY_NO_IMPROVEMENT
pa_only_mtp1_meta,late_oow,fixed_target_replay,1,286,286,21.486450462116103,23.63499658370915,2.1485461215930464,0.07512744916823812,0.08263984819478723,1.206145898191235,1.1828997885890211,0.5174825174825175,0.479020979020979,-12.342562973743018,-15.306483337921701,-6.609311554340818,-7.954028958136659,-11.68332236140594,-7.540913365528413,-11.68332236140594,-7.540913365528413,,,,,0.0,0,0.0,0,4.142408995877529,EXIT_OVERLAY_NO_IMPROVEMENT
pa_only_mtp1_meta,late_oow,max_hold_tighten_30,1,286,286,21.486450462116103,10.327842781146227,-11.158607680969876,0.07512744916823812,0.03611133839561618,1.206145898191235,1.166516297790054,0.5174825174825175,0.541958041958042,-12.342562973743018,-10.456078068067423,-6.609311554340818,-4.5565375092511715,-11.68332236140594,-4.732532434608462,-11.68332236140594,-4.732532434608462,,,,,0.0,0,0.8461538461538461,242,6.950789926797481,EXIT_OVERLAY_NO_IMPROVEMENT
pa_only_mtp1_meta,late_oow,max_hold_tighten_60,1,286,286,21.486450462116103,28.975539927375188,7.4890894652590845,0.07512744916823812,0.101313076669144,1.206145898191235,1.3755517378801083,0.5174825174825175,0.5699300699300699,-12.342562973743018,-9.821578147859322,-6.609311554340818,-5.197130691092228,-11.68332236140594,-7.604639746967727,-11.68332236140594,-7.604639746967727,,,,,0.0,0,0.7342657342657343,210,4.078682614438216,EXIT_OVERLAY_PROMISING
pa_only_mtp1_meta,late_oow,no_followthrough_exit_3bars,1,286,286,21.486450462116103,20.009353435116957,-1.4770970269991466,0.07512744916823812,0.06996277424866068,1.206145898191235,1.3071910591247893,0.5174825174825175,0.43356643356643354,-12.342562973743018,-6.95096652761393,-6.609311554340818,-3.501216255799921,-11.68332236140594,-4.976371490717241,-11.68332236140594,-4.976371490717241,,,,,0.0,0,0.5979020979020979,171,6.706950870688699,EXIT_OVERLAY_PROMISING
pa_only_mtp1_meta,late_oow,no_followthrough_exit_5bars,1,286,286,21.486450462116103,28.506588383255053,7.02013792113895,0.07512744916823812,0.09967338595543725,1.206145898191235,1.365333233327726,0.5174825174825175,0.3951048951048951,-12.342562973743018,-7.402934462631684,-6.609311554340818,-3.5782137553853524,-11.68332236140594,-4.197714995454967,-11.68332236140594,-4.197714995454967,,,,,0.0,0,0.493006993006993,141,7.485607365950974,EXIT_OVERLAY_PROMISING
pa_only_mtp1_meta,late_oow,runner_after_1R_trail_atr,1,286,286,21.486450462116103,1.5295932206822815,-19.956857241433823,0.07512744916823812,0.005348228044343642,1.206145898191235,1.012878004512225,0.5174825174825175,0.527972027972028,-12.342562973743018,-14.320693338736135,-6.609311554340818,-9.163796568884681,-11.68332236140594,-8.545478609491699,-11.68332236140594,-5.166749070809716,,,,,0.0,0,0.3356643356643357,96,6.5165732905962255,EXIT_OVERLAY_NO_IMPROVEMENT
pa_only_mtp1_meta,late_oow,runner_after_1R_trail_vwap,1,286,286,21.486450462116103,13.706656663102574,-7.779793799013529,0.07512744916823812,0.0479253729479111,1.206145898191235,1.1135965983388272,0.5174825174825175,0.5034965034965035,-12.342562973743018,-16.826336128799397,-6.609311554340818,-9.600373646027016,-11.68332236140594,-12.179668194085638,-11.68332236140594,-2.7201095288072406,,,,,0.0,0,0.3321678321678322,95,8.9632128325987,EXIT_OVERLAY_NO_IMPROVEMENT
pa_only_mtp1_meta,late_oow,trend_swing_1p5R,1,286,286,21.486450462116103,22.260329325501495,0.7738788633853915,0.07512744916823812,0.0778333193199353,1.206145898191235,1.172261904635201,0.5174825174825175,0.479020979020979,-12.342562973743018,-16.05648333792166,-6.609311554340818,-7.954028958136659,-11.68332236140594,-7.790913365528405,-11.68332236140594,-7.790913365528405,,,,,0.0,0,0.04195804195804196,12,3.8924089958775365,EXIT_OVERLAY_NO_IMPROVEMENT
pa_only_mtp1_meta,late_oow,trend_swing_2R,1,286,286,21.486450462116103,23.134996583709277,1.6485461215931743,0.07512744916823812,0.08089159644653593,1.206145898191235,1.1776557391142881,0.5174825174825175,0.4755244755244755,-12.342562973743018,-17.55648333792167,-6.609311554340818,-7.954028958136659,-11.68332236140594,-9.596139419101103,-11.68332236140594,-7.290913365528405,,,,,0.0,0,0.03496503496503497,10,4.3924089958775365,EXIT_OVERLAY_NO_IMPROVEMENT
primary_mtp2_meta,early_oow,baseline_original,1,729,729,47.83388229081106,47.83388229081106,0.0,0.0656157507418533,0.0656157507418533,1.1650925199920534,1.1650925199920534,0.5089163237311386,0.5089163237311386,-12.325313160816613,-12.325313160816613,-7.165065146302998,-7.165065146302998,-6.414535085981996,-6.414535085981996,,,-3.020113383230705,-3.020113383230705,,,0.0,0,0.0,0,0.0,EXIT_OVERLAY_NO_IMPROVEMENT
primary_mtp2_meta,early_oow,baseline_original,2,295,295,13.495348829717685,13.495348829717685,0.0,0.045746945185483674,0.045746945185483674,1.1154561284334004,1.1154561284334004,0.48135593220338985,0.48135593220338985,-18.875147352609936,-18.875147352609936,-5.505146282847274,-5.505146282847274,-5.5678495243477935,-5.5678495243477935,,,-3.25517993698372,-3.25517993698372,,,0.0,0,0.0,0,0.0,EXIT_OVERLAY_NO_IMPROVEMENT
primary_mtp2_meta,early_oow,fixed_target_replay,1,729,729,47.83388229081106,91.00207289474866,43.1681906039376,0.0656157507418533,0.12483137571296113,1.1650925199920534,1.2697487067179465,0.5089163237311386,0.5006858710562414,-12.325313160816613,-14.584681496461059,-7.165065146302998,-8.566527384037174,-6.414535085981996,-2.9251076555247058,,,-3.020113383230705,-2.247427536094894,,,0.0027434842249657062,2,0.0,0,0.7726858471358118,EXIT_OVERLAY_PROMISING
primary_mtp2_meta,early_oow,fixed_target_replay,2,295,295,13.495348829717685,18.787382397338277,5.292033567620592,0.045746945185483674,0.06368604202487552,1.1154561284334004,1.1256580947137473,0.48135593220338985,0.46440677966101696,-18.875147352609936,-19.11663399315826,-5.505146282847274,-6.023032591415077,-5.5678495243477935,-6.51794093705875,,,-3.25517993698372,-3.008717515808504,,,0.0,0,0.0,0,0.24646242117521577,EXIT_OVERLAY_NO_IMPROVEMENT
primary_mtp2_meta,early_oow,max_hold_tighten_30,1,729,729,47.83388229081106,41.200005130785144,-6.633877160025918,0.0656157507418533,0.0565157820724076,1.1650925199920534,1.1895234982329717,0.5089163237311386,0.5198902606310014,-12.325313160816613,-11.69772131865706,-7.165065146302998,-4.504412931834116,-6.414535085981996,-3.718916812249219,,,-3.020113383230705,-3.627316265159373,,,0.0027434842249657062,2,0.6419753086419753,468,-0.6072028819286688,EXIT_OVERLAY_CONTEXT_SPECIFIC
primary_mtp2_meta,early_oow,max_hold_tighten_30,2,295,295,13.495348829717685,9.710599074414404,-3.784749755303281,0.045746945185483674,0.032917284998014926,1.1154561284334004,1.1099144403723082,0.48135593220338985,0.5186440677966102,-18.875147352609936,-15.63454383303024,-5.505146282847274,-3.515101243957532,-5.5678495243477935,-3.36310853293782,,,-3.25517993698372,-1.3869640697485517,,,0.0,0,0.6542372881355932,193,1.868215867235168,EXIT_OVERLAY_CONTEXT_SPECIFIC
primary_mtp2_meta,early_oow,max_hold_tighten_60,1,729,729,47.83388229081106,49.77292491390561,1.9390426230945508,0.0656157507418533,0.06827561716585132,1.1650925199920534,1.1864744715199351,0.5089163237311386,0.5102880658436214,-12.325313160816613,-10.376225047990495,-7.165065146302998,-5.320253771201899,-6.414535085981996,-5.712726895826098,,,-3.020113383230705,-1.8797983767769904,,,0.0027434842249657062,2,0.4787379972565158,349,1.140315006453716,EXIT_OVERLAY_PROMISING
primary_mtp2_meta,early_oow,max_hold_tighten_60,2,295,295,13.495348829717685,22.15763037551997,8.662281545802287,0.045746945185483674,0.07511061144244058,1.1154561284334004,1.2130495629286868,0.48135593220338985,0.4915254237288136,-18.875147352609936,-17.000924046261623,-5.505146282847274,-5.328283659150078,-5.5678495243477935,-5.280870217980468,,,-3.25517993698372,-0.825684435766558,,,0.0,0,0.49830508474576274,147,2.429495501217163,EXIT_OVERLAY_PROMISING
primary_mtp2_meta,early_oow,no_followthrough_exit_3bars,1,729,729,47.83388229081106,41.290863129254106,-6.5430191615569555,0.0656157507418533,0.05664041581516338,1.1650925199920534,1.2128602742609407,0.5089163237311386,0.3813443072702332,-12.325313160816613,-13.4055850479672,-7.165065146302998,-6.907188206719745,-6.414535085981996,-6.115281117323791,,,-3.020113383230705,-5.643180315497055,,,0.0013717421124828531,1,0.5528120713305898,403,-2.623066932266351,EXIT_OVERLAY_PROMISING
primary_mtp2_meta,early_oow,no_followthrough_exit_3bars,2,295,295,13.495348829717685,2.6056648951434918,-10.889683934574194,0.045746945185483674,0.008832762356418616,1.1154561284334004,1.0318017201501295,0.48135593220338985,0.3728813559322034,-18.875147352609936,-12.684421979150352,-5.505146282847274,-4.9981629948409765,-5.5678495243477935,-3.676676151501524,,,-3.25517993698372,3.9151731777427465,,,0.0,0,0.5932203389830508,175,7.170353114726465,EXIT_OVERLAY_PROMISING
primary_mtp2_meta,early_oow,no_followthrough_exit_5bars,1,729,729,47.83388229081106,54.93059519749094,7.096712906679876,0.0656157507418533,0.0753506106961467,1.1650925199920534,1.230500516727659,0.5089163237311386,0.4074074074074074,-12.325313160816613,-17.33594092415268,-7.165065146302998,-7.078178654048704,-6.414535085981996,-5.48295869813286,,,-3.020113383230705,-2.1429547453497606,,,0.0027434842249657062,2,0.42386831275720166,309,0.877158637880946,EXIT_OVERLAY_PROMISING
primary_mtp2_meta,early_oow,no_followthrough_exit_5bars,2,295,295,13.495348829717685,20.28909564438966,6.793746814671977,0.045746945185483674,0.06877659540471072,1.1154561284334004,1.2052888044469996,0.48135593220338985,0.3898305084745763,-18.875147352609936,-13.706961564117806,-5.505146282847274,-5.283435604672063,-5.5678495243477935,-2.998679693899697,,,-3.25517993698372,3.9391211435920703,,,0.0,0,0.423728813559322,125,7.194301080575791,EXIT_OVERLAY_PROMISING
primary_mtp2_meta,early_oow,runner_after_1R_trail_atr,1,729,729,47.83388229081106,62.58108600476602,14.74720371395496,0.0656157507418533,0.08584511111764886,1.1650925199920534,1.205230116435222,0.5089163237311386,0.5473251028806584,-12.325313160816613,-14.673866821805397,-7.165065146302998,-7.890315552878526,-6.414535085981996,-9.624162312289522,,,-3.020113383230705,-1.5910934013061633,,,0.0,0,0.42661179698216734,311,1.429019981924542,EXIT_OVERLAY_CONTEXT_SPECIFIC
primary_mtp2_meta,early_oow,runner_after_1R_trail_atr,2,295,295,13.495348829717685,16.220390013626105,2.72504118390842,0.045746945185483674,0.05498437292754612,1.1154561284334004,1.1208083834453597,0.48135593220338985,0.5254237288135594,-18.875147352609936,-18.45541603742074,-5.505146282847274,-7.1374889478339,-5.5678495243477935,-8.805597871479778,,,-3.25517993698372,0.7823634023048449,,,0.0,0,0.423728813559322,125,4.0375433392885665,EXIT_OVERLAY_NO_IMPROVEMENT
primary_mtp2_meta,early_oow,runner_after_1R_trail_vwap,1,729,729,47.83388229081106,64.86981715115532,17.035934860344256,0.0656157507418533,0.08898466001530222,1.1650925199920534,1.2021324714428128,0.5089163237311386,0.49382716049382713,-12.325313160816613,-25.048451328880624,-7.165065146302998,-11.662619859423002,-6.414535085981996,-6.711040798204313,,,-3.020113383230705,7.95724097886167,,,0.0,0,0.4101508916323731,299,10.977354362092374,EXIT_OVERLAY_PROMISING
primary_mtp2_meta,early_oow,runner_after_1R_trail_vwap,2,295,295,13.495348829717685,64.73101215665471,51.23566332693703,0.045746945185483674,0.21942715985306682,1.1154561284334004,1.4544075433206063,0.48135593220338985,0.4711864406779661,-18.875147352609936,-14.295016709230499,-5.505146282847274,-6.276872067356769,-5.5678495243477935,-5.65372680307982,,,-3.25517993698372,3.223103331125902,,,0.0,0,0.4067796610169492,120,6.478283268109622,EXIT_OVERLAY_PROMISING
primary_mtp2_meta,early_oow,trend_swing_1p5R,1,729,729,47.83388229081106,88.81357195770119,40.979689666890124,0.0656157507418533,0.12182931681440491,1.1650925199920534,1.263261543528792,0.5089163237311386,0.5006858710562414,-12.325313160816613,-14.36956521739129,-7.165065146302998,-8.3514111049674,-6.414535085981996,-3.175107655524694,,,-3.020113383230705,-2.6064018950693035,,,0.0027434842249657062,2,0.01783264746227709,13,0.4137114881614026,EXIT_OVERLAY_PROMISING
primary_mtp2_meta,early_oow,trend_swing_1p5R,2,295,295,13.495348829717685,20.165587525543312,6.670238695825628,0.045746945185483674,0.06835792381540105,1.1154561284334004,1.1357843072886205,0.48135593220338985,0.46779661016949153,-18.875147352609936,-19.23842886495313,-5.505146282847274,-6.086206896551823,-5.5678495243477935,-6.51794093705875,,,-3.25517993698372,-3.008717515808504,,,0.0,0,0.020338983050847456,6,0.24646242117521577,EXIT_OVERLAY_PROMISING
primary_mtp2_meta,early_oow,trend_swing_2R,1,729,729,47.83388229081106,89.20658927237973,41.37270698156867,0.0656157507418533,0.1223684352158844,1.1650925199920534,1.2641860726431222,0.5089163237311386,0.4993141289437586,-12.325313160816613,-14.584681496461059,-7.165065146302998,-8.566527384037174,-6.414535085981996,-3.141622002483998,,,-3.020113383230705,-2.247427536094894,,,0.0027434842249657062,2,0.013717421124828532,10,0.7726858471358118,EXIT_OVERLAY_PROMISING
primary_mtp2_meta,early_oow,trend_swing_2R,2,295,295,13.495348829717685,19.78738239733819,6.292033567620507,0.045746945185483674,0.0670758725333498,1.1154561284334004,1.1323465248556464,0.48135593220338985,0.46440677966101696,-18.875147352609936,-19.11663399315826,-5.505146282847274,-6.023032591415077,-5.5678495243477935,-6.51794093705875,,,-3.25517993698372,-3.008717515808504,,,0.0,0,0.013559322033898305,4,0.24646242117521577,EXIT_OVERLAY_NO_IMPROVEMENT
primary_mtp2_meta,full_available,baseline_original,1,1526,1526,101.0194304256593,101.0194304256593,0.0,0.06619884038378722,0.06619884038378722,1.1653186881351623,1.1653186881351623,0.5104849279161205,0.5104849279161205,-30.95790024734214,-30.95790024734214,-13.369335259854259,-13.369335259854259,-9.059312470733504,-9.059312470733504,-4.477704467749182,-4.477704467749182,-3.020113383230705,-3.020113383230705,0.7050362110019197,0.7050362110019197,0.0,0,0.0,0,0.0,EXIT_OVERLAY_NO_IMPROVEMENT
primary_mtp2_meta,full_available,baseline_original,2,662,662,34.86867172817718,34.86867172817718,0.0,0.05267170955918003,0.05267170955918003,1.1366549119317804,1.1366549119317804,0.4954682779456193,0.4954682779456193,-18.875147352609936,-18.875147352609936,-5.505146282847274,-5.505146282847274,-9.281323693381633,-9.281323693381633,-2.59858951484418,-2.59858951484418,-3.25517993698372,-3.25517993698372,-9.281323693381633,-9.281323693381633,0.0,0,0.0,0,0.0,EXIT_OVERLAY_NO_IMPROVEMENT
primary_mtp2_meta,full_available,fixed_target_replay,1,1526,1526,101.0194304256593,169.95160811345238,68.93217768779309,0.06619884038378722,0.11137064751864507,1.1653186881351623,1.2364363190204959,0.5104849279161205,0.4927916120576671,-30.95790024734214,-17.9371418384533,-13.369335259854259,-15.937141838453309,-9.059312470733504,-5.746048681535817,-4.477704467749182,-4.100950451375468,-3.020113383230705,-2.247427536094894,0.7050362110019197,-1.7837212904709847,0.001310615989515072,2,0.0,0,-1.3393176379633775,EXIT_OVERLAY_PROMISING
primary_mtp2_meta,full_available,fixed_target_replay,2,662,662,34.86867172817718,43.560693164433616,8.692021436256432,0.05267170955918003,0.06580165130579096,1.1366549119317804,1.1343473706155005,0.4954682779456193,0.4743202416918429,-18.875147352609936,-19.11663399315826,-5.505146282847274,-6.214285714285694,-9.281323693381633,-12.961449970299071,-2.59858951484418,-2.726194798211088,-3.25517993698372,-3.008717515808504,-9.281323693381633,-12.961449970299071,0.0,0,0.0,0,-3.5612691391091307,EXIT_OVERLAY_NO_IMPROVEMENT
primary_mtp2_meta,full_available,max_hold_tighten_30,1,1526,1526,101.0194304256593,75.6674559619356,-25.351974463723693,0.06619884038378722,0.04958548883482018,1.1653186881351623,1.1660492521674475,0.5104849279161205,0.5275229357798165,-30.95790024734214,-32.143649956457665,-13.369335259854259,-11.461272933477812,-9.059312470733504,-9.139453628760018,-4.477704467749182,-7.979789474642226,-3.020113383230705,-3.627316265159373,0.7050362110019197,1.31370807650532,0.001310615989515072,2,0.6435124508519003,982,-3.50061602331831,EXIT_OVERLAY_NO_IMPROVEMENT
primary_mtp2_meta,full_available,max_hold_tighten_30,2,662,662,34.86867172817718,22.369327296410397,-12.499344431766787,0.05267170955918003,0.03379052461693413,1.1366549119317804,1.1183310197882943,0.4954682779456193,0.5211480362537765,-18.875147352609936,-15.63454383303024,-5.505146282847274,-3.9172032645716426,-9.281323693381633,-4.692332127003394,-2.59858951484418,0.6479741303699476,-3.25517993698372,-1.3869640697485517,-9.281323693381633,-4.10265654520606,0.0,0,0.6797583081570997,450,10.29344666062487,EXIT_OVERLAY_CONTEXT_SPECIFIC
primary_mtp2_meta,full_available,max_hold_tighten_60,1,1526,1526,101.0194304256593,116.24895949660069,15.229529070941396,0.06619884038378722,0.07617887254036743,1.1653186881351623,1.2098762540988663,0.5104849279161205,0.5216251638269986,-30.95790024734214,-16.163183745106508,-13.369335259854259,-13.757389521468392,-9.059312470733504,-5.712726895826098,-4.477704467749182,0.22011238872911754,-3.020113383230705,-1.8797983767769904,0.7050362110019197,0.7393709147418539,0.001310615989515072,2,0.48230668414154654,736,5.8724665666719496,EXIT_OVERLAY_PROMISING
primary_mtp2_meta,full_available,max_hold_tighten_60,2,662,662,34.86867172817718,44.61664967290969,9.747977944732504,0.05267170955918003,0.0673967517717669,1.1366549119317804,1.193604178246532,0.4954682779456193,0.5105740181268882,-18.875147352609936,-17.000924046261623,-5.505146282847274,-5.328283659150078,-9.281323693381633,-7.387923692252588,-2.59858951484418,-2.966641417259967,-3.25517993698372,-0.825684435766558,-9.281323693381633,-7.387923692252588,0.0,0,0.527190332326284,349,3.9548435999304186,EXIT_OVERLAY_PROMISING
primary_mtp2_meta,full_available,no_followthrough_exit_3bars,1,1526,1526,101.0194304256593,88.75468733908777,-12.264743086571528,0.06619884038378722,0.058161656185509676,1.1653186881351623,1.2022636853507462,0.5104849279161205,0.39580602883355176,-30.95790024734214,-16.905004025155293,-13.369335259854259,-11.510727464745958,-9.059312470733504,-10.529235085858046,-4.477704467749182,-3.769785833463905,-3.020113383230705,-5.643180315497055,0.7050362110019197,-10.529235085858046,0.000655307994757536,1,0.5078636959370905,775,-13.149419594841037,EXIT_OVERLAY_PROMISING
primary_mtp2_meta,full_available,no_followthrough_exit_3bars,2,662,662,34.86867172817718,25.012808923635404,-9.855862804541779,0.05267170955918003,0.03778369928041602,1.1366549119317804,1.1362479218630088,0.4954682779456193,0.37613293051359514,-18.875147352609936,-15.826090587190295,-5.505146282847274,-4.9981629948409765,-9.281323693381633,-6.389539018979126,-2.59858951484418,-3.2500829470983303,-3.25517993698372,3.9151731777427465,-9.281323693381633,-6.389539018979126,0.0,0,0.554380664652568,367,9.410644356874823,EXIT_OVERLAY_PROMISING
primary_mtp2_meta,full_available,no_followthrough_exit_5bars,1,1526,1526,101.0194304256593,120.82709352482172,19.807663099162426,0.06619884038378722,0.0791789603701322,1.1653186881351623,1.2354672113918348,0.5104849279161205,0.41415465268676277,-30.95790024734214,-17.33594092415268,-13.369335259854259,-12.77316196823415,-9.059312470733504,-5.48295869813286,-4.477704467749182,-4.272546008857192,-3.020113383230705,-2.1429547453497606,0.7050362110019197,-4.048373957366217,0.001310615989515072,2,0.39580602883355176,604,-3.6710930715952,EXIT_OVERLAY_PROMISING
primary_mtp2_meta,full_available,no_followthrough_exit_5bars,2,662,662,34.86867172817718,46.05340548985796,11.184733761680775,0.05267170955918003,0.06956707777924163,1.1366549119317804,1.2103591023337301,0.4954682779456193,0.3942598187311178,-18.875147352609936,-14.378340831800543,-5.505146282847274,-5.283435604672063,-9.281323693381633,-8.52149111887145,-2.59858951484418,-2.6790260600116973,-3.25517993698372,3.9391211435920703,-9.281323693381633,-8.52149111887145,0.0,0,0.4123867069486405,273,7.873697109918456,EXIT_OVERLAY_PROMISING
primary_mtp2_meta,full_available,runner_after_1R_trail_atr,1,1526,1526,101.0194304256593,120.78405432115574,19.76462389549644,0.06619884038378722,0.07915075643588187,1.1653186881351623,1.1858191304161474,0.5104849279161205,0.5412844036697247,-30.95790024734214,-34.736699549416855,-13.369335259854259,-14.89273153701898,-9.059312470733504,-11.640355273847653,-4.477704467749182,-10.57988170897105,-3.020113383230705,-1.5910934013061633,0.7050362110019197,1.7696449583063907,0.0,0,0.42791612057667106,653,-3.6085485119928524,EXIT_OVERLAY_CONTEXT_SPECIFIC
primary_mtp2_meta,full_available,runner_after_1R_trail_atr,2,662,662,34.86867172817718,28.47377002119956,-6.394901706977624,0.05267170955918003,0.04301173719214435,1.1366549119317804,1.098820274284091,0.4954682779456193,0.5377643504531722,-18.875147352609936,-18.45541603742074,-5.505146282847274,-7.1374889478339,-9.281323693381633,-8.805597871479778,-2.59858951484418,-4.119068114060929,-3.25517993698372,0.7823634023048449,-9.281323693381633,-6.596275670220656,0.0,0,0.41540785498489424,275,5.202112763232792,EXIT_OVERLAY_NO_IMPROVEMENT
primary_mtp2_meta,full_available,runner_after_1R_trail_vwap,1,1526,1526,101.0194304256593,174.8572373265459,73.83780690088662,0.06619884038378722,0.11458534556130139,1.1653186881351623,1.2581933138528585,0.5104849279161205,0.49344692005242463,-30.95790024734214,-32.266598928499434,-13.369335259854259,-14.724311101070109,-9.059312470733504,-15.248280657990517,-4.477704467749182,-15.248280657990517,-3.020113383230705,7.95724097886167,0.7050362110019197,2.91777631616436,0.0,0,0.4213630406290957,643,2.419518277013484,EXIT_OVERLAY_PROMISING
primary_mtp2_meta,full_available,runner_after_1R_trail_vwap,2,662,662,34.86867172817718,130.09378123098105,95.22510950280386,0.05267170955918003,0.1965162858474034,1.1366549119317804,1.4246052018741522,0.4954682779456193,0.4818731117824773,-18.875147352609936,-14.295016709230499,-5.505146282847274,-6.276872067356769,-9.281323693381633,-6.168772047391963,-2.59858951484418,3.588022601593736,-3.25517993698372,3.223103331125902,-9.281323693381633,-5.739905041455996,0.0,0,0.40181268882175225,266,16.206314036473174,EXIT_OVERLAY_PROMISING
primary_mtp2_meta,full_available,trend_swing_1p5R,1,1526,1526,101.0194304256593,167.20471709771016,66.18528667205086,0.06619884038378722,0.10957058787530155,1.1653186881351623,1.2326148500286933,0.5104849279161205,0.4927916120576671,-30.95790024734214,-17.9371418384533,-13.369335259854259,-15.937141838453309,-9.059312470733504,-5.746048681535817,-4.477704467749182,-4.100950451375468,-3.020113383230705,-2.6064018950693035,0.7050362110019197,-2.163031635298619,0.001310615989515072,2,0.024246395806028834,37,-2.07760234176542,EXIT_OVERLAY_PROMISING
primary_mtp2_meta,full_available,trend_swing_1p5R,2,662,662,34.86867172817718,44.161572475598504,9.29290074742132,0.05267170955918003,0.06670932398126662,1.1366549119317804,1.1366219292894568,0.4954682779456193,0.47583081570996977,-18.875147352609936,-19.23842886495313,-5.505146282847274,-6.214285714285694,-9.281323693381633,-12.961449970299071,-2.59858951484418,-2.97619479821108,-3.25517993698372,-3.008717515808504,-9.281323693381633,-12.961449970299071,0.0,0,0.0256797583081571,17,-3.8112691391091236,EXIT_OVERLAY_NO_IMPROVEMENT
primary_mtp2_meta,full_available,trend_swing_2R,1,1526,1526,101.0194304256593,171.08932533899008,70.06989491333078,0.06619884038378722,0.11211620271231329,1.1653186881351623,1.237917476952784,0.5104849279161205,0.4921363040629096,-30.95790024734214,-17.9371418384533,-13.369335259854259,-15.937141838453309,-9.059312470733504,-5.746048681535817,-4.477704467749182,-4.100950451375468,-3.020113383230705,-2.247427536094894,0.7050362110019197,-1.5337212904709696,0.001310615989515072,2,0.0163826998689384,25,-1.0893176379633625,EXIT_OVERLAY_PROMISING
primary_mtp2_meta,full_available,trend_swing_2R,2,662,662,34.86867172817718,42.032382662150404,7.163710933973221,0.05267170955918003,0.06349302516941148,1.1366549119317804,1.1292352638243894,0.4954682779456193,0.472809667673716,-18.875147352609936,-19.11663399315826,-5.505146282847274,-6.214285714285694,-9.281323693381633,-12.961449970299071,-2.59858951484418,-2.47619479821108,-3.25517993698372,-3.008717515808504,-9.281323693381633,-12.961449970299071,0.0,0,0.01812688821752266,12,-3.3112691391091236,EXIT_OVERLAY_NO_IMPROVEMENT
primary_mtp2_meta,insample_ref,baseline_original,1,483,483,57.49758285757592,57.49758285757592,0.0,0.11904261461195843,0.11904261461195843,1.3165098091060354,1.3165098091060354,0.5341614906832298,0.5341614906832298,-7.62127324052701,-7.62127324052701,-2.3227435735148574,-2.3227435735148574,0.7050362110019197,0.7050362110019197,,,,,0.7050362110019197,0.7050362110019197,0.0,0,0.0,0,0.0,EXIT_OVERLAY_NO_IMPROVEMENT
primary_mtp2_meta,insample_ref,baseline_original,2,211,211,5.1982843475042575,5.1982843475042575,0.0,0.024636418708550982,0.024636418708550982,1.0613894337789274,1.0613894337789274,0.4834123222748815,0.4834123222748815,-11.32571393728403,-11.32571393728403,-4.7472402116116115,-4.7472402116116115,-9.281323693381633,-9.281323693381633,,,,,-9.281323693381633,-9.281323693381633,0.0,0,0.0,0,0.0,EXIT_OVERLAY_NO_IMPROVEMENT
primary_mtp2_meta,insample_ref,fixed_target_replay,1,483,483,57.49758285757592,63.92192834179195,6.424345484216026,0.11904261461195843,0.13234353693952783,1.3165098091060354,1.2844033562291852,0.5341614906832298,0.5010351966873706,-7.62127324052701,-12.868947756857876,-2.3227435735148574,-2.440849422423381,0.7050362110019197,-1.7837212904709847,,,,,0.7050362110019197,-1.7837212904709847,0.0,0,0.0,0,-2.4887575014729055,EXIT_OVERLAY_NO_IMPROVEMENT
primary_mtp2_meta,insample_ref,fixed_target_replay,2,211,211,5.1982843475042575,7.970074893880339,2.7717905463760815,0.024636418708550982,0.037772866795641416,1.0613894337789274,1.0755146829866222,0.4834123222748815,0.4597156398104265,-11.32571393728403,-14.961449970299071,-4.7472402116116115,-5.750000000000255,-9.281323693381633,-12.961449970299071,,,,,-9.281323693381633,-12.961449970299071,0.0,0,0.0,0,-3.680126276917438,EXIT_OVERLAY_NO_IMPROVEMENT
primary_mtp2_meta,insample_ref,max_hold_tighten_30,1,483,483,57.49758285757592,51.424591744661925,-6.072991112913996,0.11904261461195843,0.1064691340469191,1.3165098091060354,1.4059224828297332,0.5341614906832298,0.5652173913043478,-7.62127324052701,-6.016862761620473,-2.3227435735148574,-3.0080843185842645,0.7050362110019197,0.1151184257796678,,,,,0.7050362110019197,1.31370807650532,0.0,0,0.6728778467908902,325,0.6086718655033989,EXIT_OVERLAY_CONTEXT_SPECIFIC
primary_mtp2_meta,insample_ref,max_hold_tighten_30,2,211,211,5.1982843475042575,-3.1831677088404833,-8.381452056344742,0.024636418708550982,-0.01508610288549992,1.0613894337789274,0.9462053640481634,0.4834123222748815,0.4976303317535545,-11.32571393728403,-9.608862329542138,-4.7472402116116115,-3.9172032645716426,-9.281323693381633,-4.692332127003394,,,,,-9.281323693381633,-4.10265654520606,0.0,0,0.7251184834123223,153,5.178667148175573,EXIT_OVERLAY_NO_IMPROVEMENT
primary_mtp2_meta,insample_ref,max_hold_tighten_60,1,483,483,57.49758285757592,63.74901725016671,6.251434392590788,0.11904261461195843,0.13198554296100767,1.3165098091060354,1.3968295441489982,0.5341614906832298,0.5507246376811594,-7.62127324052701,-6.900475455287857,-2.3227435735148574,-2.789334181735064,0.7050362110019197,0.7393709147418539,,,,,0.7050362110019197,0.7393709147418539,0.0,0,0.5093167701863354,246,0.03433470373993308,EXIT_OVERLAY_PROMISING
primary_mtp2_meta,insample_ref,max_hold_tighten_60,2,211,211,5.1982843475042575,-2.0421119231652325,-7.24039627066949,0.024636418708550982,-0.0096782555600248,1.0613894337789274,0.9738335211175443,0.4834123222748815,0.4928909952606635,-11.32571393728403,-12.723874319004787,-4.7472402116116115,-4.485537045814471,-9.281323693381633,-7.387923692252588,,,,,-9.281323693381633,-7.387923692252588,0.0,0,0.5592417061611374,118,1.893400001129045,EXIT_OVERLAY_NO_IMPROVEMENT
primary_mtp2_meta,insample_ref,no_followthrough_exit_3bars,1,483,483,57.49758285757592,29.214931335226183,-28.282651522349738,0.11904261461195843,0.060486400279971396,1.3165098091060354,1.201269595480254,0.5341614906832298,0.39544513457556935,-7.62127324052701,-16.905004025155307,-2.3227435735148574,-6.024588647937147,0.7050362110019197,-10.529235085858046,,,,,0.7050362110019197,-10.529235085858046,0.0,0,0.4803312629399586,232,-11.234271296859966,EXIT_OVERLAY_NO_IMPROVEMENT
primary_mtp2_meta,insample_ref,no_followthrough_exit_3bars,2,211,211,5.1982843475042575,5.079646106817534,-0.11863824068672368,0.024636418708550982,0.02407415216501201,1.0613894337789274,1.0853070067409314,0.4834123222748815,0.3412322274881517,-11.32571393728403,-9.748897527393805,-4.7472402116116115,-4.408569536777629,-9.281323693381633,-6.389539018979126,,,,,-9.281323693381633,-6.389539018979126,0.0,0,0.5402843601895735,114,2.8917846744025084,EXIT_OVERLAY_PROMISING
primary_mtp2_meta,insample_ref,no_followthrough_exit_5bars,1,483,483,57.49758285757592,47.41337299696415,-10.084209860611772,0.11904261461195843,0.09816433332704792,1.3165098091060354,1.2931908010564657,0.5341614906832298,0.4306418219461698,-7.62127324052701,-13.10685659088713,-2.3227435735148574,-5.423997775345972,0.7050362110019197,-4.048373957366217,,,,,0.7050362110019197,-4.048373957366217,0.0,0,0.37267080745341613,180,-4.753410168368138,EXIT_OVERLAY_NO_IMPROVEMENT
primary_mtp2_meta,insample_ref,no_followthrough_exit_5bars,2,211,211,5.1982843475042575,6.651042788104979,1.4527584406007215,0.024636418708550982,0.031521529801445396,1.0613894337789274,1.0950593064680314,0.4834123222748815,0.3791469194312796,-11.32571393728403,-10.52149111887145,-4.7472402116116115,-4.746796478375378,-9.281323693381633,-8.52149111887145,,,,,-9.281323693381633,-8.52149111887145,0.0,0,0.41706161137440756,88,0.7598325745101846,EXIT_OVERLAY_PROMISING
primary_mtp2_meta,insample_ref,runner_after_1R_trail_atr,1,483,483,57.49758285757592,78.82680182490438,21.32921896732846,0.11904261461195843,0.16320248825031963,1.3165098091060354,1.4033430097196906,0.5341614906832298,0.5652173913043478,-7.62127324052701,-11.780844878232504,-2.3227435735148574,-3.035634036917643,0.7050362110019197,1.7696449583063907,,,,,0.7050362110019197,1.7696449583063907,0.0,0,0.453416149068323,219,1.0646087473044705,EXIT_OVERLAY_CONTEXT_SPECIFIC
primary_mtp2_meta,insample_ref,runner_after_1R_trail_atr,2,211,211,5.1982843475042575,-4.012047171535746,-9.210331519040004,0.024636418708550982,-0.019014441571259463,1.0613894337789274,0.957691387644076,0.4834123222748815,0.5213270142180095,-11.32571393728403,-11.812063127336504,-4.7472402116116115,-4.813884343419452,-9.281323693381633,-6.596275670220656,,,,,-9.281323693381633,-6.596275670220656,0.0,0,0.3744075829383886,79,2.6850480231609772,EXIT_OVERLAY_NO_IMPROVEMENT
primary_mtp2_meta,insample_ref,runner_after_1R_trail_vwap,1,483,483,57.49758285757592,104.90296829826337,47.40538544068745,0.11904261461195843,0.21719041055541072,1.3165098091060354,1.5218426051621212,0.5341614906832298,0.5238095238095238,-7.62127324052701,-8.941905757423228,-2.3227435735148574,-2.188541849482459,0.7050362110019197,2.5767076304673475,,,,,0.7050362110019197,2.91777631616436,0.0,0,0.4575569358178054,221,2.2127401051624376,EXIT_OVERLAY_PROMISING
primary_mtp2_meta,insample_ref,runner_after_1R_trail_vwap,2,211,211,5.1982843475042575,32.85599104144535,27.657706693941094,0.024636418708550982,0.15571559735282156,1.0613894337789274,1.3273166700920738,0.4834123222748815,0.46445497630331756,-11.32571393728403,-8.974088194681554,-4.7472402116116115,-3.5099147064258918,-9.281323693381633,-6.168772047391963,,,,,-9.281323693381633,-5.739905041455996,0.0,0,0.36492890995260663,77,3.541418651925637,EXIT_OVERLAY_PROMISING
primary_mtp2_meta,insample_ref,trend_swing_1p5R,1,483,483,57.49758285757592,63.483103480488545,5.985520622912624,0.11904261461195843,0.13143499685401355,1.3165098091060354,1.2824509235259012,0.5341614906832298,0.5010351966873706,-7.62127324052701,-13.498258101685533,-2.3227435735148574,-2.940849422423368,0.7050362110019197,-2.163031635298619,,,,,0.7050362110019197,-2.163031635298619,0.0,0,0.041407867494824016,20,-2.86806784630054,EXIT_OVERLAY_NO_IMPROVEMENT
primary_mtp2_meta,insample_ref,trend_swing_1p5R,2,211,211,5.1982843475042575,7.697851117656568,2.4995667701523105,0.024636418708550982,0.036482706718751506,1.0613894337789274,1.0729354233891066,0.4834123222748815,0.4597156398104265,-11.32571393728403,-14.961449970299071,-4.7472402116116115,-5.750000000000255,-9.281323693381633,-12.961449970299071,,,,,-9.281323693381633,-12.961449970299071,0.0,0,0.02843601895734597,6,-3.680126276917438,EXIT_OVERLAY_NO_IMPROVEMENT
primary_mtp2_meta,insample_ref,trend_swing_2R,1,483,483,57.49758285757592,66.10512918969859,8.607546332122666,0.11904261461195843,0.13686362151076312,1.3165098091060354,1.2941169187667079,0.5341614906832298,0.5010351966873706,-7.62127324052701,-12.368947756857885,-2.3227435735148574,-1.9608355944378209,0.7050362110019197,-1.5337212904709696,,,,,0.7050362110019197,-1.5337212904709696,0.0,0,0.024844720496894408,12,-2.2387575014728904,EXIT_OVERLAY_NO_IMPROVEMENT
primary_mtp2_meta,insample_ref,trend_swing_2R,2,211,211,5.1982843475042575,7.441764391597129,2.2434800440928715,0.024636418708550982,0.03526902555259303,1.0613894337789274,1.0705090587447406,0.4834123222748815,0.4597156398104265,-11.32571393728403,-14.961449970299071,-4.7472402116116115,-5.750000000000255,-9.281323693381633,-12.961449970299071,,,,,-9.281323693381633,-12.961449970299071,0.0,0,0.018957345971563982,4,-3.680126276917438,EXIT_OVERLAY_NO_IMPROVEMENT
primary_mtp2_meta,late_oow,baseline_original,1,314,314,-4.312034722727692,-4.312034722727692,0.0,-0.013732594658368444,-0.013732594658368444,0.969124237974522,0.969124237974522,0.47770700636942676,0.47770700636942676,-26.975036567545207,-26.975036567545207,-13.369335259854259,-13.369335259854259,-9.059312470733504,-9.059312470733504,-4.477704467749182,-4.477704467749182,,,,,0.0,0,0.0,0,0.0,EXIT_OVERLAY_NO_IMPROVEMENT
primary_mtp2_meta,late_oow,baseline_original,2,156,156,16.17503855095524,16.17503855095524,0.0,0.10368614455740538,0.10368614455740538,1.301806105111205,1.301806105111205,0.5384615384615384,0.5384615384615384,-6.639865533258041,-6.639865533258041,-3.9749071421944047,-3.9749071421944047,-2.6904189828913125,-2.6904189828913125,-2.59858951484418,-2.59858951484418,,,,,0.0,0,0.0,0,0.0,EXIT_OVERLAY_NO_IMPROVEMENT
primary_mtp2_meta,late_oow,fixed_target_replay,1,314,314,-4.312034722727692,15.027606876911758,19.33964159963945,-0.013732594658368444,0.04785862062710751,0.969124237974522,1.0959076491338642,0.47770700636942676,0.46178343949044587,-26.975036567545207,-17.937141838453307,-13.369335259854259,-15.937141838453309,-9.059312470733504,-5.746048681535817,-4.477704467749182,-4.100950451375468,,,,,0.0,0,0.0,0,0.3767540163737131,EXIT_OVERLAY_PROMISING
primary_mtp2_meta,late_oow,fixed_target_replay,2,156,156,16.17503855095524,16.803235873214994,0.628197322259755,0.10368614455740538,0.10771305046932689,1.301806105111205,1.2428775787026627,0.5384615384615384,0.5128205128205128,-6.639865533258041,-10.297209629677951,-3.9749071421944047,-6.214285714285694,-2.6904189828913125,-9.047209629678004,-2.59858951484418,-2.726194798211088,,,,,0.0,0,0.0,0,-0.12760528336690768,EXIT_OVERLAY_NO_IMPROVEMENT
primary_mtp2_meta,late_oow,max_hold_tighten_30,1,314,314,-4.312034722727692,-16.957140913511452,-12.64510619078376,-0.013732594658368444,-0.05400363348252055,0.969124237974522,0.8480812206045841,0.47770700636942676,0.4872611464968153,-26.975036567545207,-26.718854314702597,-13.369335259854259,-11.461272933477812,-9.059312470733504,-9.139453628760018,-4.477704467749182,-7.979789474642226,,,,,0.0,0,0.6019108280254777,189,-3.5020850068930462,EXIT_OVERLAY_NO_IMPROVEMENT
primary_mtp2_meta,late_oow,max_hold_tighten_30,2,156,156,16.17503855095524,15.84189593083648,-0.3331426201187586,0.10368614455740538,0.1015506149412595,1.301806105111205,1.3815413123265474,0.5384615384615384,0.5576923076923077,-6.639865533258041,-5.802502146015549,-3.9749071421944047,-2.7581307409210227,-2.6904189828913125,-0.8274551819180544,-2.59858951484418,0.6479741303699476,,,,,0.0,0,0.6666666666666666,104,3.246563645214128,EXIT_OVERLAY_CONTEXT_SPECIFIC
primary_mtp2_meta,late_oow,max_hold_tighten_60,1,314,314,-4.312034722727692,2.7270173325283524,7.039052055256044,-0.013732594658368444,0.008684768574931058,0.969124237974522,1.0215861973493894,0.47770700636942676,0.5031847133757962,-26.975036567545207,-16.16318374510649,-13.369335259854259,-13.757389521468392,-9.059312470733504,-4.2330999975735075,-4.477704467749182,0.22011238872911754,,,,,0.0,0,0.44904458598726116,141,4.6978168564782985,EXIT_OVERLAY_PROMISING
primary_mtp2_meta,late_oow,max_hold_tighten_60,2,156,156,16.17503855095524,24.501131220554946,8.326092669599706,0.10368614455740538,0.1570585334650958,1.301806105111205,1.5061418220033744,0.5384615384615384,0.5705128205128205,-6.639865533258041,-5.937975882143365,-3.9749071421944047,-2.731957122372608,-2.6904189828913125,-2.966641417259967,-2.59858951484418,-2.966641417259967,,,,,0.0,0,0.5384615384615384,84,-0.3680519024157882,EXIT_OVERLAY_PROMISING
primary_mtp2_meta,late_oow,no_followthrough_exit_3bars,1,314,314,-4.312034722727692,18.24889287460748,22.560927597335173,-0.013732594658368444,0.05811749323123402,0.969124237974522,1.1830884713704557,0.47770700636942676,0.4299363057324841,-26.975036567545207,-12.518419772438259,-13.369335259854259,-11.510727464745958,-9.059312470733504,-3.769785833463905,-4.477704467749182,-3.769785833463905,,,,,0.0,0,0.445859872611465,140,0.7079186342852752,EXIT_OVERLAY_PROMISING
primary_mtp2_meta,late_oow,no_followthrough_exit_3bars,2,156,156,16.17503855095524,17.327497921674382,1.1524593707191428,0.10368614455740538,0.11107370462611783,1.301806105111205,1.411551564770055,0.5384615384615384,0.42948717948717946,-6.639865533258041,-7.1399938236233975,-3.9749071421944047,-4.851059459634138,-2.6904189828913125,-3.2500829470983303,-2.59858951484418,-3.2500829470983303,,,,,0.0,0,0.5,78,-0.6514934322541506,EXIT_OVERLAY_PROMISING
primary_mtp2_meta,late_oow,no_followthrough_exit_5bars,1,314,314,-4.312034722727692,18.483125330366626,22.795160053094317,-0.013732594658368444,0.05886345646613575,0.969124237974522,1.1634047882218808,0.47770700636942676,0.40445859872611467,-26.975036567545207,-13.773161968234149,-13.369335259854259,-12.77316196823415,-9.059312470733504,-4.272546008857192,-4.477704467749182,-4.272546008857192,,,,,0.0,0,0.3662420382165605,115,0.20515845889198836,EXIT_OVERLAY_PROMISING
primary_mtp2_meta,late_oow,no_followthrough_exit_5bars,2,156,156,16.17503855095524,19.113267057363316,2.938228506408077,0.10368614455740538,0.12252094267540588,1.301806105111205,1.3812869502121627,0.5384615384615384,0.4230769230769231,-6.639865533258041,-7.490503471489113,-3.9749071421944047,-4.786190190280629,-2.6904189828913125,-2.6790260600116973,-2.59858951484418,-2.6790260600116973,,,,,0.0,0,0.38461538461538464,60,-0.08043654516751753,EXIT_OVERLAY_PROMISING
primary_mtp2_meta,late_oow,runner_after_1R_trail_atr,1,314,314,-4.312034722727692,-20.623833508514657,-16.311798785786966,-0.013732594658368444,-0.06568099843476005,0.969124237974522,0.8621804586275584,0.47770700636942676,0.49044585987261147,-26.975036567545207,-32.466576150382785,-13.369335259854259,-14.89273153701898,-9.059312470733504,-11.640355273847653,-4.477704467749182,-10.57988170897105,,,,,0.0,0,0.39171974522292996,123,-6.10217724122187,EXIT_OVERLAY_NO_IMPROVEMENT
primary_mtp2_meta,late_oow,runner_after_1R_trail_atr,2,156,156,16.17503855095524,16.265427179109196,0.09038862815395632,0.10368614455740538,0.10426555884044356,1.301806105111205,1.2754828054412093,0.5384615384615384,0.5833333333333334,-6.639865533258041,-8.870746603131035,-3.9749071421944047,-5.4526542164756,-2.6904189828913125,-4.480461751639332,-2.59858951484418,-4.119068114060929,,,,,0.0,0,0.4551282051282051,71,-1.5204785992167493,EXIT_OVERLAY_NO_IMPROVEMENT
primary_mtp2_meta,late_oow,runner_after_1R_trail_vwap,1,314,314,-4.312034722727692,5.0844518771272185,9.39648659985491,-0.013732594658368444,0.01619252190167904,0.969124237974522,1.032743260442225,0.47770700636942676,0.445859872611465,-26.975036567545207,-30.210266001378603,-13.369335259854259,-14.724311101070109,-9.059312470733504,-15.248280657990517,-4.477704467749182,-15.248280657990517,,,,,0.0,0,0.39171974522292996,123,-10.770576190241336,EXIT_OVERLAY_PROMISING
primary_mtp2_meta,late_oow,runner_after_1R_trail_vwap,2,156,156,16.17503855095524,32.506778032880995,16.331739481925755,0.10368614455740538,0.20837678226205766,1.301806105111205,1.5114638564394969,0.5384615384615384,0.5256410256410257,-6.639865533258041,-7.11741984784191,-3.9749071421944047,-4.3944612331946615,-2.6904189828913125,-1.119973301932894,-2.59858951484418,3.588022601593736,,,,,0.0,0,0.4423076923076923,69,6.1866121164379155,EXIT_OVERLAY_PROMISING
primary_mtp2_meta,late_oow,trend_swing_1p5R,1,314,314,-4.312034722727692,14.908041659520434,19.220076382248124,-0.013732594658368444,0.04747783968000138,0.969124237974522,1.0951445722838968,0.47770700636942676,0.46178343949044587,-26.975036567545207,-17.93714183845331,-13.369335259854259,-15.937141838453309,-9.059312470733504,-5.746048681535817,-4.477704467749182,-4.100950451375468,,,,,0.0,0,0.012738853503184714,4,0.3767540163737131,EXIT_OVERLAY_PROMISING
primary_mtp2_meta,late_oow,trend_swing_1p5R,2,156,156,16.17503855095524,16.298133832398626,0.123095281443387,0.10368614455740538,0.10447521687435017,1.301806105111205,1.2355767253672163,0.5384615384615384,0.5128205128205128,-6.639865533258041,-9.802311670494312,-3.9749071421944047,-6.214285714285694,-2.6904189828913125,-8.55231167049437,-2.59858951484418,-2.97619479821108,,,,,0.0,0,0.03205128205128205,5,-0.3776052833668997,EXIT_OVERLAY_NO_IMPROVEMENT
primary_mtp2_meta,late_oow,trend_swing_2R,1,314,314,-4.312034722727692,15.77760687691175,20.089641599639442,-0.013732594658368444,0.05024715565895462,0.969124237974522,1.1006942221018403,0.47770700636942676,0.46178343949044587,-26.975036567545207,-17.937141838453307,-13.369335259854259,-15.937141838453309,-9.059312470733504,-5.746048681535817,-4.477704467749182,-4.100950451375468,,,,,0.0,0,0.009554140127388535,3,0.3767540163737131,EXIT_OVERLAY_PROMISING
primary_mtp2_meta,late_oow,trend_swing_2R,2,156,156,16.17503855095524,14.803235873215076,-1.3718026777401633,0.10368614455740538,0.09489253764881458,1.301806105111205,1.2109204597278098,0.5384615384615384,0.5064102564102564,-6.639865533258041,-10.29720962967795,-3.9749071421944047,-6.214285714285694,-2.6904189828913125,-9.047209629678004,-2.59858951484418,-2.47619479821108,,,,,0.0,0,0.02564102564102564,4,0.12239471663309986,EXIT_OVERLAY_NO_IMPROVEMENT
